date,Site_name,Site_number,JD,CJD,MO,DAY,YR,TIME,Q_cfs,staff_gage_ft,temp_C,cond_microS,DO_mg_L,pH,psat_percent,TP_microg_L,PO4_microg_L,NH4_microg_L,NO2_microg_L,NO3_NO2_microg_L,TN_microg_L,SiO2_microg_L,TSS_mg_L,turbidity_NTU,,,,,,,,,,,,,,,,,,,,,,,,,,,,,,,,,,,,,,,,,,,,,,,
3/21/2001,Sycan R @ Drews Rd,SR0070,80,80,3,21,2001,1507,68.6,NA,10.13,69,10.5,7.68,106.4,68,NA,36,NA,4,517,NA,NA,NA,,,,,,,,,,,,,,,,,,,,,,,,,,,,,,,,,,,,,,,,,,,,,,,
4/4/2001,Sycan R @ Drews Rd,SR0070,94,94,4,4,2001,1310,78.3,NA,6.66,73,12.25,7.63,110.1,55,24,23,NA,22,491,NA,NA,NA,,,,,,,,,,,,,,,,,,,,,,,,,,,,,,,,,,,,,,,,,,,,,,,
4/19/2001,Sycan R @ Drews Rd,SR0070,109,109,4,19,2001,1305,55.7,NA,10.15,115,10.65,7.93,105.9,61,29,22,NA,4,387,NA,NA,NA,,,,,,,,,,,,,,,,,,,,,,,,,,,,,,,,,,,,,,,,,,,,,,,
5/17/2001,Sycan R @ Drews Rd,SR0070,137,137,5,17,2001,1340,55,NA,16.85,101,11.51,8.48,131.5,44,33,41,NA,36,340,NA,NA,NA,,,,,,,,,,,,,,,,,,,,,,,,,,,,,,,,,,,,,,,,,,,,,,,
5/31/2001,Sycan R @ Drews Rd,SR0070,151,151,5,31,2001,NA,25.2,NA,20.33,101,10.24,8.53,129.4,56,36,3,NA,39,434,NA,NA,NA,,,,,,,,,,,,,,,,,,,,,,,,,,,,,,,,,,,,,,,,,,,,,,,
6/14/2001,Sycan R @ Drews Rd,SR0070,165,165,6,14,2001,1335,16.2,NA,19.53,112,12.54,8.93,155.3,55,33,3,NA,4,195,NA,NA,NA,,,,,,,,,,,,,,,,,,,,,,,,,,,,,,,,,,,,,,,,,,,,,,,
6/27/2001,Sycan R @ Drews Rd,SR0070,178,178,6,27,2001,1346,23.8,NA,13.72,119,9.73,8.16,108.1,44,35,3,NA,32,183,NA,NA,NA,,,,,,,,,,,,,,,,,,,,,,,,,,,,,,,,,,,,,,,,,,,,,,,
7/12/2001,Sycan R @ Drews Rd,SR0070,193,193,7,12,2001,1340,23.2,NA,21.54,124,12.65,8.87,166.4,61,48,NA,NA,4,307,NA,NA,NA,,,,,,,,,,,,,,,,,,,,,,,,,,,,,,,,,,,,,,,,,,,,,,,
7/25/2001,Sycan R @ Drews Rd,SR0070,206,206,7,25,2001,1230,18.6,NA,21.74,122,11.86,9.08,156.5,61,42,20,NA,12,207,NA,NA,NA,,,,,,,,,,,,,,,,,,,,,,,,,,,,,,,,,,,,,,,,,,,,,,,
8/22/2001,Sycan R @ Drews Rd,SR0070,234,234,8,22,2001,1349,22,NA,19.99,116,11.24,8.78,144.1,53,49,22,NA,19,260,NA,NA,NA,,,,,,,,,,,,,,,,,,,,,,,,,,,,,,,,,,,,,,,,,,,,,,,
9/6/2001,Sycan R @ Drews Rd,SR0070,249,249,9,6,2001,1217,16.3,NA,14.11,120,11.31,8.69,125.3,49,42,3,NA,25,191,NA,NA,NA,,,,,,,,,,,,,,,,,,,,,,,,,,,,,,,,,,,,,,,,,,,,,,,
9/18/2001,Sycan R @ Drews Rd,SR0070,261,261,9,18,2001,1250,16.7,NA,16.27,130,11.42,8.55,135,55,55,40,NA,29,295,NA,NA,NA,,,,,,,,,,,,,,,,,,,,,,,,,,,,,,,,,,,,,,,,,,,,,,,
10/2/2001,Sycan R @ Drews Rd,SR0070,275,275,10,2,2001,1226,24.4,NA,13.95,129,11.17,8.28,124.4,56,45,19,NA,13,278,NA,NA,NA,,,,,,,,,,,,,,,,,,,,,,,,,,,,,,,,,,,,,,,,,,,,,,,
10/16/2001,Sycan R @ Drews Rd,SR0070,289,289,10,16,2001,1210,25.1,NA,10.4,128,11.2,8.41,116.6,55,45,22,NA,25,221,NA,NA,NA,,,,,,,,,,,,,,,,,,,,,,,,,,,,,,,,,,,,,,,,,,,,,,,
11/14/2001,Sycan R @ Drews Rd,SR0070,318,318,11,14,2001,1245,29,NA,7.57,151,12.15,7.99,116.3,70,57,3,NA,32,337,NA,NA,NA,,,,,,,,,,,,,,,,,,,,,,,,,,,,,,,,,,,,,,,,,,,,,,,
11/27/2001,Sycan R @ Drews Rd,SR0070,331,331,11,27,2001,1230,20.2,NA,2.53,131,12.97,8.13,109.9,54,45,NA,NA,38,259,NA,NA,NA,,,,,,,,,,,,,,,,,,,,,,,,,,,,,,,,,,,,,,,,,,,,,,,
12/10/2001,Sycan R @ Drews Rd,SR0070,344,344,12,10,2001,1223,28.3,NA,2.08,143,12.74,7.79,105.9,62,52,18,NA,46,354,NA,NA,NA,,,,,,,,,,,,,,,,,,,,,,,,,,,,,,,,,,,,,,,,,,,,,,,
1/9/2002,Sycan R @ Drews Rd,SR0070,9,374,1,9,2002,1257,247,NA,1.08,51.4,11.71,7.47,96,66,28,3,NA,4,509,NA,NA,NA,,,,,,,,,,,,,,,,,,,,,,,,,,,,,,,,,,,,,,,,,,,,,,,
1/23/2002,Sycan R @ Drews Rd,SR0070,23,388,1,23,2002,1220,37.6,NA,3.3,119.5,11.44,7.43,100.2,69,49,3,NA,67,380,NA,NA,NA,,,,,,,,,,,,,,,,,,,,,,,,,,,,,,,,,,,,,,,,,,,,,,,
2/4/2002,Sycan R @ Drews Rd,SR0070,35,400,2,4,2002,1208,29.4,NA,3.51,128.9,11.66,7.55,101.3,72,56,23,NA,71,288,NA,NA,NA,,,,,,,,,,,,,,,,,,,,,,,,,,,,,,,,,,,,,,,,,,,,,,,
2/20/2002,Sycan R @ Drews Rd,SR0070,51,416,2,20,2002,1225,69.8,NA,4.38,130.9,10.5,7.31,94.2,101,58,17,NA,45,613,NA,NA,NA,,,,,,,,,,,,,,,,,,,,,,,,,,,,,,,,,,,,,,,,,,,,,,,
2/25/2002,Sycan R @ Drews Rd,SR0070,56,421,2,25,2002,1250,166,NA,2.43,50.6,12.88,7.32,107.9,68,25,39,NA,24,445,NA,NA,NA,,,,,,,,,,,,,,,,,,,,,,,,,,,,,,,,,,,,,,,,,,,,,,,
3/12/2002,Sycan R @ Drews Rd,SR0070,71,436,3,12,2002,1235,181,NA,5.12,62,11.38,7.47,104.2,58,22,62,NA,14,506,NA,NA,NA,,,,,,,,,,,,,,,,,,,,,,,,,,,,,,,,,,,,,,,,,,,,,,,
3/27/2002,Sycan R @ Drews Rd,SR0070,86,451,3,27,2002,1157,173,NA,7.73,58.2,10.35,7.59,101.3,54,21,3,NA,18,564,NA,NA,NA,,,,,,,,,,,,,,,,,,,,,,,,,,,,,,,,,,,,,,,,,,,,,,,
4/9/2002,Sycan R @ Drews Rd,SR0070,99,464,4,9,2002,1235,192,NA,11.33,63,8.71,7.26,93.2,53,21,23,NA,18,561,NA,NA,NA,,,,,,,,,,,,,,,,,,,,,,,,,,,,,,,,,,,,,,,,,,,,,,,
4/15/2002,Sycan R @ Drews Rd,SR0070,105,470,4,15,2002,1102,388,NA,10,52.6,9.32,7.48,97.5,72,19,12,NA,21,680,NA,NA,NA,,,,,,,,,,,,,,,,,,,,,,,,,,,,,,,,,,,,,,,,,,,,,,,
4/23/2002,Sycan R @ Drews Rd,SR0070,113,478,4,23,2002,1300,238,NA,12.94,57.9,9.88,7.66,108.7,42,19,24,NA,11,544,NA,NA,NA,,,,,,,,,,,,,,,,,,,,,,,,,,,,,,,,,,,,,,,,,,,,,,,
5/7/2002,Sycan R @ Drews Rd,SR0070,127,492,5,7,2002,1310,236,NA,12.26,56.4,10.12,7.76,110.6,33,16,17,NA,11,530,NA,NA,NA,,,,,,,,,,,,,,,,,,,,,,,,,,,,,,,,,,,,,,,,,,,,,,,
5/21/2002,Sycan R @ Drews Rd,SR0070,141,506,5,21,2002,1240,144,NA,11.73,65.2,10.32,8.22,111.9,29,14,3,NA,4,408,NA,NA,NA,,,,,,,,,,,,,,,,,,,,,,,,,,,,,,,,,,,,,,,,,,,,,,,
6/11/2002,Sycan R @ Drews Rd,SR0070,162,527,6,11,2002,1210,39.9,NA,16.68,91.6,NA,8.81,NA,36,25,3,NA,12,373,NA,NA,NA,,,,,,,,,,,,,,,,,,,,,,,,,,,,,,,,,,,,,,,,,,,,,,,
6/24/2002,Sycan R @ Drews Rd,SR0070,175,540,6,24,2002,1250,26.27,NA,22.14,106.5,10.05,8.72,144.3,43,28,3,NA,18,345,NA,NA,NA,,,,,,,,,,,,,,,,,,,,,,,,,,,,,,,,,,,,,,,,,,,,,,,
7/10/2002,Sycan R @ Drews Rd,SR0070,191,556,7,10,2002,1201,15.37,NA,21.81,119.8,10.21,8.8,135,49,33,15,NA,49,267,NA,NA,NA,,,,,,,,,,,,,,,,,,,,,,,,,,,,,,,,,,,,,,,,,,,,,,,
7/24/2002,Sycan R @ Drews Rd,SR0070,205,570,7,24,2002,1229,16.98,NA,20.16,118.2,10.46,9.01,134.3,43,32,3,NA,16,282,NA,NA,NA,,,,,,,,,,,,,,,,,,,,,,,,,,,,,,,,,,,,,,,,,,,,,,,
8/7/2002,Sycan R @ Drews Rd,SR0070,219,584,8,7,2002,1231,17.56,NA,16.08,119.8,10.7,8.99,125.6,35,27,15,NA,24,259,NA,NA,NA,,,,,,,,,,,,,,,,,,,,,,,,,,,,,,,,,,,,,,,,,,,,,,,
8/20/2002,Sycan R @ Drews Rd,SR0070,232,597,8,20,2002,1241,11.18,NA,16.78,112.8,9.68,8.93,116.8,55,32,3,NA,22,NA,NA,NA,NA,,,,,,,,,,,,,,,,,,,,,,,,,,,,,,,,,,,,,,,,,,,,,,,
9/5/2002,Sycan R @ Drews Rd,SR0070,248,613,9,5,2002,1225,12.98,NA,15.69,114.6,11.17,8.72,131.4,50,39,15,NA,4,412,NA,NA,NA,,,,,,,,,,,,,,,,,,,,,,,,,,,,,,,,,,,,,,,,,,,,,,,
9/17/2002,Sycan R @ Drews Rd,SR0070,260,625,9,17,2002,1230,10.09,NA,14.47,122,NA,8.54,80.3,64,51,26,NA,33,416,NA,NA,NA,,,,,,,,,,,,,,,,,,,,,,,,,,,,,,,,,,,,,,,,,,,,,,,
10/3/2002,Sycan R @ Drews Rd,SR0070,276,641,10,3,2002,1220,17.7,NA,9.05,117.4,10.86,8.61,109.5,49,38,3,NA,56,280,NA,NA,NA,,,,,,,,,,,,,,,,,,,,,,,,,,,,,,,,,,,,,,,,,,,,,,,
10/15/2002,Sycan R @ Drews Rd,SR0070,288,653,10,15,2002,1208,20.5,NA,8.45,125.2,9.91,7.97,98.5,59,43,30,NA,46,257,NA,NA,NA,,,,,,,,,,,,,,,,,,,,,,,,,,,,,,,,,,,,,,,,,,,,,,,
10/29/2002,Sycan R @ Drews Rd,SR0070,302,667,10,29,2002,1235,20.75,NA,6.44,127.3,11.04,8.11,105.3,66,53,3,NA,20,224,NA,NA,NA,,,,,,,,,,,,,,,,,,,,,,,,,,,,,,,,,,,,,,,,,,,,,,,
11/12/2002,Sycan R @ Drews Rd,SR0070,316,681,11,12,2002,1220,25.1,NA,6.52,136,9.65,7.79,91.7,83,59,23,NA,22,328,NA,NA,NA,,,,,,,,,,,,,,,,,,,,,,,,,,,,,,,,,,,,,,,,,,,,,,,
11/25/2002,Sycan R @ Drews Rd,SR0070,329,694,11,25,2002,1230,22.58,NA,4.68,130.2,10.4,7.76,92.9,76,53,13,NA,29,295,NA,NA,NA,,,,,,,,,,,,,,,,,,,,,,,,,,,,,,,,,,,,,,,,,,,,,,,
12/9/2002,Sycan R @ Drews Rd,SR0070,343,708,12,9,2002,1219,23.49,NA,3.01,130.7,10.9,7.82,94.7,85,60,11,NA,45,295,NA,NA,NA,,,,,,,,,,,,,,,,,,,,,,,,,,,,,,,,,,,,,,,,,,,,,,,
12/17/2002,Sycan R @ Drews Rd,SR0070,351,716,12,17,2002,1339,28.74,NA,3.84,135,10.58,7.78,95.8,59,58,12,NA,29,476,NA,NA,NA,,,,,,,,,,,,,,,,,,,,,,,,,,,,,,,,,,,,,,,,,,,,,,,
1/7/2003,Sycan R @ Drews Rd,SR0070,7,737,1,7,2003,1124,29.09,NA,1.77,104,10.74,7.7,89.3,61,39,3,NA,39,196,NA,NA,NA,,,,,,,,,,,,,,,,,,,,,,,,,,,,,,,,,,,,,,,,,,,,,,,
1/22/2003,Sycan R @ Drews Rd,SR0070,22,752,1,22,2003,1231,95.48,NA,2.91,71.1,11.78,7.65,102.6,60,27,NA,NA,36,556,NA,NA,NA,,,,,,,,,,,,,,,,,,,,,,,,,,,,,,,,,,,,,,,,,,,,,,,
1/28/2003,Sycan R @ Drews Rd,SR0070,28,758,1,28,2003,1237,381.73,NA,2.98,43.5,11.24,7.43,96.3,81,20,NA,NA,43,604,NA,NA,NA,,,,,,,,,,,,,,,,,,,,,,,,,,,,,,,,,,,,,,,,,,,,,,,
2/5/2003,Sycan R @ Drews Rd,SR0070,36,766,2,5,2003,1239,122.96,NA,1.34,61.4,11.02,7.7,91.2,50,20,3,NA,20,607,NA,NA,NA,,,,,,,,,,,,,,,,,,,,,,,,,,,,,,,,,,,,,,,,,,,,,,,
2/19/2003,Sycan R @ Drews Rd,SR0070,50,780,2,19,2003,1227,110.15,NA,4.01,78.2,11.11,7.81,99.5,55,32,24,NA,28,569,NA,NA,NA,,,,,,,,,,,,,,,,,,,,,,,,,,,,,,,,,,,,,,,,,,,,,,,
3/4/2003,Sycan R @ Drews Rd,SR0070,63,793,3,4,2003,1240,49.87,NA,5.6,99.1,10.65,7.66,100,52,32,13,NA,11,592,NA,NA,NA,,,,,,,,,,,,,,,,,,,,,,,,,,,,,,,,,,,,,,,,,,,,,,,
3/19/2003,Sycan R @ Drews Rd,SR0070,78,808,3,19,2003,1249,191.53,NA,5.66,53.3,10.58,7.78,97.6,76,24,30,NA,4,663,NA,NA,NA,,,,,,,,,,,,,,,,,,,,,,,,,,,,,,,,,,,,,,,,,,,,,,,
4/2/2003,Sycan R @ Drews Rd,SR0070,92,822,4,2,2003,1252,226.96,NA,8.6,65.6,9.35,7.71,94.6,47,15,3,NA,24,487,NA,NA,NA,,,,,,,,,,,,,,,,,,,,,,,,,,,,,,,,,,,,,,,,,,,,,,,
4/15/2003,Sycan R @ Drews Rd,SR0070,105,835,4,15,2003,1215,282.43,NA,6.44,61.9,10.8,7.64,102.6,41,11,16,NA,14,552,NA,NA,NA,,,,,,,,,,,,,,,,,,,,,,,,,,,,,,,,,,,,,,,,,,,,,,,
4/29/2003,Sycan R @ Drews Rd,SR0070,119,849,4,29,2003,1251,309.36,NA,6.94,63.6,10.03,7.68,97,35,13,40,NA,4,461,NA,NA,NA,,,,,,,,,,,,,,,,,,,,,,,,,,,,,,,,,,,,,,,,,,,,,,,
5/12/2003,Sycan R @ Drews Rd,SR0070,132,862,5,12,2003,1250,280.88,NA,10.93,68.5,9.64,7.87,101.3,31,12,10,NA,10,447,NA,NA,NA,,,,,,,,,,,,,,,,,,,,,,,,,,,,,,,,,,,,,,,,,,,,,,,
6/3/2003,Sycan R @ Drews Rd,SR0070,154,884,6,3,2003,1317,175.93,NA,20.29,67.4,8.45,7.76,107.9,49,21,13,NA,11,582,NA,NA,NA,,,,,,,,,,,,,,,,,,,,,,,,,,,,,,,,,,,,,,,,,,,,,,,
6/24/2003,Sycan R @ Drews Rd,SR0070,175,905,6,24,2003,1246,33.06,NA,17.01,91,9.57,8.46,115.6,41,25,15,NA,18,421,NA,NA,NA,,,,,,,,,,,,,,,,,,,,,,,,,,,,,,,,,,,,,,,,,,,,,,,
7/8/2003,Sycan R @ Drews Rd,SR0070,189,919,7,8,2003,1250,16.9,NA,21.03,109,9.27,8.78,121.1,52,37,18,NA,36,198,NA,NA,NA,,,,,,,,,,,,,,,,,,,,,,,,,,,,,,,,,,,,,,,,,,,,,,,
7/23/2003,Sycan R @ Drews Rd,SR0070,204,934,7,23,2003,1233,14.41,NA,25.41,119.5,8.64,8.89,122.4,55,38,3,NA,30,456,NA,NA,NA,,,,,,,,,,,,,,,,,,,,,,,,,,,,,,,,,,,,,,,,,,,,,,,
8/5/2003,Sycan R @ Drews Rd,SR0070,217,947,8,5,2003,1318,13.86,NA,20.67,111.1,10.14,8.87,132.9,46,32,13,NA,23,327,NA,NA,NA,,,,,,,,,,,,,,,,,,,,,,,,,,,,,,,,,,,,,,,,,,,,,,,
9/3/2003,Sycan R @ Drews Rd,SR0070,246,976,9,3,2003,1206,12.9,NA,18.8,124.1,10.64,8.69,132.7,55,39,3,NA,55,393,NA,NA,NA,,,,,,,,,,,,,,,,,,,,,,,,,,,,,,,,,,,,,,,,,,,,,,,
9/16/2003,Sycan R @ Drews Rd,SR0070,259,989,9,16,2003,1230,18.91,NA,13.69,132.1,8.85,8.5,99.6,49,39,10,NA,32,126,NA,NA,NA,,,,,,,,,,,,,,,,,,,,,,,,,,,,,,,,,,,,,,,,,,,,,,,
9/30/2003,Sycan R @ Drews Rd,SR0070,273,1003,9,30,2003,1310,15.41,NA,14.54,117.2,10.28,8.8,117.3,58,44,3,NA,32,196,NA,NA,NA,,,,,,,,,,,,,,,,,,,,,,,,,,,,,,,,,,,,,,,,,,,,,,,
10/22/2003,Sycan R @ Drews Rd,SR0070,295,1025,10,22,2003,1325,21.04,NA,11.1,109,9.16,8.22,96.9,60,44,3,NA,16,371,NA,NA,NA,,,,,,,,,,,,,,,,,,,,,,,,,,,,,,,,,,,,,,,,,,,,,,,
10/28/2003,Sycan R @ Drews Rd,SR0070,301,1031,10,28,2003,1159,21.26,NA,10.66,136.1,9.52,7.5,99.5,56,41,31,NA,35,272,NA,NA,NA,,,,,,,,,,,,,,,,,,,,,,,,,,,,,,,,,,,,,,,,,,,,,,,
11/12/2003,Sycan R @ Drews Rd,SR0070,316,1046,11,12,2003,1206,22.64,NA,5.99,142.5,9.93,7.3,92.7,63,49,18,NA,34,259,NA,NA,NA,,,,,,,,,,,,,,,,,,,,,,,,,,,,,,,,,,,,,,,,,,,,,,,
11/24/2003,Sycan R @ Drews Rd,SR0070,328,1058,11,24,2003,1205,22.46,NA,3.5,128.9,10.89,7.18,95.7,62,46,10,NA,4,219,NA,NA,NA,,,,,,,,,,,,,,,,,,,,,,,,,,,,,,,,,,,,,,,,,,,,,,,
12/8/2003,Sycan R @ Drews Rd,SR0070,342,1072,12,8,2003,1310,25.1,NA,4.84,129.9,10.13,7.6,91.9,71,53,3,NA,48,269,NA,NA,NA,,,,,,,,,,,,,,,,,,,,,,,,,,,,,,,,,,,,,,,,,,,,,,,
12/22/2003,Sycan R @ Drews Rd,SR0070,356,1086,12,22,2003,1301,26.87,NA,4.62,138.7,10.6,8.14,95.6,NA,49,15,NA,35,266,NA,NA,NA,,,,,,,,,,,,,,,,,,,,,,,,,,,,,,,,,,,,,,,,,,,,,,,
1/8/2004,Sycan R @ Drews Rd,SR0070,8,1103,1,8,2004,1213,27.35,NA,4.43,133.5,9.86,8.1,88.9,68,50,23,NA,33,258,NA,NA,NA,,,,,,,,,,,,,,,,,,,,,,,,,,,,,,,,,,,,,,,,,,,,,,,
1/21/2004,Sycan R @ Drews Rd,SR0070,21,1116,1,21,2004,1204,22.76,NA,2.95,125.4,10.16,8.98,87,69,49,21,NA,37,327,NA,NA,NA,,,,,,,,,,,,,,,,,,,,,,,,,,,,,,,,,,,,,,,,,,,,,,,
2/18/2004,Sycan R @ Drews Rd,SR0070,49,1144,2,18,2004,1114,NA,2.36,1.98,72.5,11.21,7.78,94,107,56,32,NA,54,435,NA,NA,NA,,,,,,,,,,,,,,,,,,,,,,,,,,,,,,,,,,,,,,,,,,,,,,,
3/2/2004,Sycan R @ Drews Rd,SR0070,62,1157,3,2,2004,1251,101.67,1.91,3.91,77.7,11.48,7.62,101.8,56,27,32,NA,29,461,NA,NA,NA,,,,,,,,,,,,,,,,,,,,,,,,,,,,,,,,,,,,,,,,,,,,,,,
4/1/2004,Sycan R @ Drews Rd,SR0070,92,1187,4,1,2004,1345,225.41,2.92,7.42,57.4,10.31,7.5,100,48,14,14,NA,12,550,NA,NA,NA,,,,,,,,,,,,,,,,,,,,,,,,,,,,,,,,,,,,,,,,,,,,,,,
4/13/2004,Sycan R @ Drews Rd,SR0070,104,1199,4,13,2004,1242,188.41,2.65,12.59,73,9.61,8.13,105,44,18,12,NA,13,499,NA,NA,NA,,,,,,,,,,,,,,,,,,,,,,,,,,,,,,,,,,,,,,,,,,,,,,,
4/27/2004,Sycan R @ Drews Rd,SR0070,118,1213,4,27,2004,1241,177.03,2.56,16.01,69,8.36,7.68,97.7,45,18,3,NA,19,519,NA,NA,NA,,,,,,,,,,,,,,,,,,,,,,,,,,,,,,,,,,,,,,,,,,,,,,,
5/12/2004,Sycan R @ Drews Rd,SR0070,133,1228,5,12,2004,1200,NA,2.32,11.65,70.1,8.79,7.77,94.2,38,19,10,NA,4,574,NA,NA,NA,,,,,,,,,,,,,,,,,,,,,,,,,,,,,,,,,,,,,,,,,,,,,,,
5/26/2004,Sycan R @ Drews Rd,SR0070,147,1242,5,26,2004,1201,NA,1.92,16.92,74.9,7.57,7.74,91.6,47,20,3,NA,12,662,NA,NA,NA,,,,,,,,,,,,,,,,,,,,,,,,,,,,,,,,,,,,,,,,,,,,,,,
6/9/2004,Sycan R @ Drews Rd,SR0070,161,1256,6,9,2004,1318,48.94,1.48,13.05,85,8.8,8.01,98,43,24,3,NA,4,569,NA,NA,NA,,,,,,,,,,,,,,,,,,,,,,,,,,,,,,,,,,,,,,,,,,,,,,,
7/7/2004,Sycan R @ Drews Rd,SR0070,189,1284,7,7,2004,1427,13.61,1.1,23.46,120.8,10,9.04,136.7,56,39,10,NA,26,375,NA,NA,NA,,,,,,,,,,,,,,,,,,,,,,,,,,,,,,,,,,,,,,,,,,,,,,,
8/4/2004,Sycan R @ Drews Rd,SR0070,217,1312,8,4,2004,1328,12.79,1.04,21.51,123.7,11,8.97,145.4,48,33,15,NA,40,383,NA,NA,NA,,,,,,,,,,,,,,,,,,,,,,,,,,,,,,,,,,,,,,,,,,,,,,,
8/18/2004,Sycan R @ Drews Rd,SR0070,231,1326,8,18,2004,1221,NA,0.98,21.17,125.4,9.59,8.44,125,54,36,15,NA,38,359,NA,NA,NA,,,,,,,,,,,,,,,,,,,,,,,,,,,,,,,,,,,,,,,,,,,,,,,
8/31/2004,Sycan R @ Drews Rd,SR0070,244,1339,8,31,2004,1358,10.35,0.9,19.36,129.2,10.31,8.6,130.2,57,42,3,NA,4,344,NA,NA,NA,,,,,,,,,,,,,,,,,,,,,,,,,,,,,,,,,,,,,,,,,,,,,,,
9/14/2004,Sycan R @ Drews Rd,SR0070,258,1353,9,14,2004,1420,NA,1.04,15.31,132.1,11.26,8.74,130.7,54,44,10,NA,4,305,NA,NA,NA,,,,,,,,,,,,,,,,,,,,,,,,,,,,,,,,,,,,,,,,,,,,,,,
9/30/2004,Sycan R @ Drews Rd,SR0070,274,1369,9,30,2004,1322,16.38,1,14.7,136.7,9.86,8.16,113.6,60,44,12,NA,34,279,NA,NA,NA,,,,,,,,,,,,,,,,,,,,,,,,,,,,,,,,,,,,,,,,,,,,,,,
11/3/2004,Sycan R @ Drews Rd,SR0070,308,1403,11,3,2004,1301,22.41,1.06,5.5,143.7,10.96,7.76,101.2,60,46,3,NA,40,290,NA,NA,NA,,,,,,,,,,,,,,,,,,,,,,,,,,,,,,,,,,,,,,,,,,,,,,,
11/10/2004,Sycan R @ Drews Rd,SR0070,315,1410,11,10,2004,1152,17.81,1.01,7.31,136,9.27,7.76,89.6,54,43,3,NA,46,284,NA,NA,NA,,,,,,,,,,,,,,,,,,,,,,,,,,,,,,,,,,,,,,,,,,,,,,,
11/23/2004,Sycan R @ Drews Rd,SR0070,328,1423,11,23,2004,1202,16.65,1,3.87,135.9,10.6,7.81,93.2,61,50,15,NA,44,205,NA,NA,NA,,,,,,,,,,,,,,,,,,,,,,,,,,,,,,,,,,,,,,,,,,,,,,,
12/8/2004,Sycan R @ Drews Rd,SR0070,343,1438,12,8,2004,1206,NA,1.1,2.29,124.7,10.78,7.6,93.5,66,53,22,NA,39,229,NA,NA,NA,,,,,,,,,,,,,,,,,,,,,,,,,,,,,,,,,,,,,,,,,,,,,,,
12/9/2004,Sycan R @ Drews Rd,SR0070,344,1439,12,9,2004,1136,53.38,1.47,2.35,138.1,10.35,7.45,87.7,176,141,27,NA,67,604,NA,NA,NA,,,,,,,,,,,,,,,,,,,,,,,,,,,,,,,,,,,,,,,,,,,,,,,
12/22/2004,Sycan R @ Drews Rd,SR0070,357,1452,12,22,2004,1133,31.64,1.19,1.32,90.9,11.56,7.38,94.7,63,30,13,NA,13,341,NA,NA,NA,,,,,,,,,,,,,,,,,,,,,,,,,,,,,,,,,,,,,,,,,,,,,,,
1/5/2005,Sycan R @ Drews Rd,SR0070,5,1465,1,5,2005,1213,21.95,1.07,2.3,130.7,10.35,7.53,87.7,58,45,3,NA,4,245,NA,NA,NA,,,,,,,,,,,,,,,,,,,,,,,,,,,,,,,,,,,,,,,,,,,,,,,
1/18/2005,Sycan R @ Drews Rd,SR0070,18,1478,1,18,2005,1310,22.56,1.07,4.68,137.6,10.66,7.65,95.4,57,46,3,NA,29,185,NA,NA,NA,,,,,,,,,,,,,,,,,,,,,,,,,,,,,,,,,,,,,,,,,,,,,,,
2/2/2005,Sycan R @ Drews Rd,SR0070,33,1493,2,2,2005,1307,30.39,1.17,3.85,114,11.61,7.54,101.2,48,36,3,NA,26,244,NA,NA,NA,,,,,,,,,,,,,,,,,,,,,,,,,,,,,,,,,,,,,,,,,,,,,,,
2/15/2005,Sycan R @ Drews Rd,SR0070,46,1506,2,15,2005,1249,21.65,1.04,5.05,118.2,10.52,7.68,96.3,60,42,3,NA,27,259,NA,NA,NA,,,,,,,,,,,,,,,,,,,,,,,,,,,,,,,,,,,,,,,,,,,,,,,
3/2/2005,Sycan R @ Drews Rd,SR0070,60,1520,3,2,2005,1237,150.86,2.33,2.18,51.3,11.87,7.17,100.9,69,18,28,NA,15,502,NA,NA,NA,,,,,,,,,,,,,,,,,,,,,,,,,,,,,,,,,,,,,,,,,,,,,,,
3/15/2005,Sycan R @ Drews Rd,SR0070,74,1534,3,15,2005,1316,55.38,1.5,7.88,72.8,10.16,7.47,99.4,54,24,3,NA,30,453,NA,NA,NA,,,,,,,,,,,,,,,,,,,,,,,,,,,,,,,,,,,,,,,,,,,,,,,
3/28/2005,Sycan R @ Drews Rd,SR0070,87,1547,3,28,2005,1308,96.34,1.78,6.65,92.3,9.65,7.18,93.3,45,20,13,NA,16,372,NA,NA,NA,,,,,,,,,,,,,,,,,,,,,,,,,,,,,,,,,,,,,,,,,,,,,,,
4/12/2005,Sycan R @ Drews Rd,SR0070,102,1562,4,12,2005,1326,83.8,1.74,9.55,70.8,9.46,8.21,97.5,43,19,3,NA,18,470,NA,NA,NA,,,,,,,,,,,,,,,,,,,,,,,,,,,,,,,,,,,,,,,,,,,,,,,
4/26/2005,Sycan R @ Drews Rd,SR0070,116,1576,4,26,2005,1405,96.15,2,14.1,74.1,9.66,8.01,109.7,37,16,3,NA,12,489,NA,NA,NA,,,,,,,,,,,,,,,,,,,,,,,,,,,,,,,,,,,,,,,,,,,,,,,
5/10/2005,Sycan R @ Drews Rd,SR0070,130,1590,5,10,2005,1236,726.84,5.15,8.87,56.2,9.41,7.64,95,75,16,19,NA,4,797,NA,NA,NA,,,,,,,,,,,,,,,,,,,,,,,,,,,,,,,,,,,,,,,,,,,,,,,
6/2/2005,Sycan R @ Drews Rd,SR0070,153,1613,6,2,2005,1244,NA,3.55,16.18,73.8,8.06,7.89,96,63,38,10,NA,4,662,NA,NA,NA,,,,,,,,,,,,,,,,,,,,,,,,,,,,,,,,,,,,,,,,,,,,,,,
6/8/2005,Sycan R @ Drews Rd,SR0070,159,1619,6,8,2005,1320,184.29,2.79,13.51,73.6,8.49,7.84,95.1,51,27,3,NA,16,753,NA,NA,NA,,,,,,,,,,,,,,,,,,,,,,,,,,,,,,,,,,,,,,,,,,,,,,,
6/20/2005,Sycan R @ Drews Rd,SR0070,171,1631,6,20,2005,1318,81.68,1.84,17.86,94.8,8.57,7.69,105,51,25,10,NA,25,584,NA,NA,NA,,,,,,,,,,,,,,,,,,,,,,,,,,,,,,,,,,,,,,,,,,,,,,,
7/7/2005,Sycan R @ Drews Rd,SR0070,188,1648,7,7,2005,1341,29.18,1.2,23.84,98.5,7.77,8.78,107.3,48,28,12,NA,18,514,NA,NA,NA,,,,,,,,,,,,,,,,,,,,,,,,,,,,,,,,,,,,,,,,,,,,,,,
7/19/2005,Sycan R @ Drews Rd,SR0070,200,1660,7,19,2005,1415,15.64,1.1,24.77,112.5,9.85,8.91,137.9,39,26,3,NA,44,432,NA,NA,NA,,,,,,,,,,,,,,,,,,,,,,,,,,,,,,,,,,,,,,,,,,,,,,,
8/3/2005,Sycan R @ Drews Rd,SR0070,215,1675,8,3,2005,1347,11.43,0.97,23.49,122.3,10.03,8.96,136.8,41,29,12,NA,67,351,NA,NA,NA,,,,,,,,,,,,,,,,,,,,,,,,,,,,,,,,,,,,,,,,,,,,,,,
8/16/2005,Sycan R @ Drews Rd,SR0070,228,1688,8,16,2005,1300,6.84,0.88,21.63,118.8,10.44,8.99,138,63,27,3,NA,59,388,NA,NA,NA,,,,,,,,,,,,,,,,,,,,,,,,,,,,,,,,,,,,,,,,,,,,,,,
8/30/2005,Sycan R @ Drews Rd,SR0070,242,1702,8,30,2005,1239,12.28,1,15.98,123.5,9.66,8.89,113.1,39,31,3,NA,48,287,NA,NA,NA,,,,,,,,,,,,,,,,,,,,,,,,,,,,,,,,,,,,,,,,,,,,,,,
9/14/2005,Sycan R @ Drews Rd,SR0070,257,1717,9,14,2005,1309,12.49,1,14.75,124.4,10.15,7.99,116.7,45,46,3,NA,33,117,NA,NA,NA,,,,,,,,,,,,,,,,,,,,,,,,,,,,,,,,,,,,,,,,,,,,,,,
9/29/2005,Sycan R @ Drews Rd,SR0070,272,1732,9,29,2005,1332,13.26,0.94,14.16,121.1,9.55,8.39,107.7,53,37,3,NA,48,286,NA,NA,NA,,,,,,,,,,,,,,,,,,,,,,,,,,,,,,,,,,,,,,,,,,,,,,,
10/13/2005,Sycan R @ Drews Rd,SR0070,286,1746,10,13,2005,1333,15.32,0.98,12.11,120.4,10.01,7.73,108.1,57,37,3,NA,41,276,NA,NA,NA,,,,,,,,,,,,,,,,,,,,,,,,,,,,,,,,,,,,,,,,,,,,,,,
10/27/2005,Sycan R @ Drews Rd,SR0070,300,1760,10,27,2005,1325,15.66,0.98,9.49,119.9,9.68,7.35,99.5,57,40,16,NA,49,286,NA,NA,NA,,,,,,,,,,,,,,,,,,,,,,,,,,,,,,,,,,,,,,,,,,,,,,,
11/9/2005,Sycan R @ Drews Rd,SR0070,313,1773,11,9,2005,1315,22.42,1.08,5.78,127.9,10.4,7.72,96.3,69,48,11,NA,50,414,NA,NA,NA,,,,,,,,,,,,,,,,,,,,,,,,,,,,,,,,,,,,,,,,,,,,,,,
11/22/2005,Sycan R @ Drews Rd,SR0070,356,1816,11,22,2005,1309,23.53,1.12,4.72,107.2,10.38,7.67,93.4,51,29,1,NA,33,300,NA,NA,NA,,,,,,,,,,,,,,,,,,,,,,,,,,,,,,,,,,,,,,,,,,,,,,,
12/6/2005,Sycan R @ Drews Rd,SR0070,340,1800,12,6,2005,1314,24.41,1.11,1.28,122.1,10.05,7.65,82.5,62,34,14,NA,42,372,NA,NA,NA,,,,,,,,,,,,,,,,,,,,,,,,,,,,,,,,,,,,,,,,,,,,,,,
12/20/2005,Sycan R @ Drews Rd,SR0070,354,1814,12,20,2005,1255,93.31,2.01,1.04,105.2,10.64,7.42,87.1,101,59,17,NA,45,501,NA,NA,NA,,,,,,,,,,,,,,,,,,,,,,,,,,,,,,,,,,,,,,,,,,,,,,,
12/22/2005,Sycan R @ Drews Rd,SR0070,356,1816,12,22,2005,1238,NA,5.1,0.18,35,12.25,7.12,98.6,112,30,64,NA,19,711,NA,NA,NA,,,,,,,,,,,,,,,,,,,,,,,,,,,,,,,,,,,,,,,,,,,,,,,
1/4/2006,Sycan R @ Drews Rd,SR0070,4,1829,1,4,2006,1322,566.4,4.72,0.49,50.2,10.93,7.19,87.4,57,21,3,NA,16,619,NA,NA,NA,,,,,,,,,,,,,,,,,,,,,,,,,,,,,,,,,,,,,,,,,,,,,,,
1/19/2006,Sycan R @ Drews Rd,SR0070,19,1844,1,19,2006,1225,293.66,3.49,0.31,61.2,10.26,6.26,82.4,63,37,12,NA,13,620,NA,NA,NA,,,,,,,,,,,,,,,,,,,,,,,,,,,,,,,,,,,,,,,,,,,,,,,
2/14/2006,Sycan R @ Drews Rd,SR0070,45,1870,2,14,2006,1311,175.84,2.64,1.32,90.8,11.11,7.43,91.9,68,36,11,NA,33,599,NA,NA,NA,,,,,,,,,,,,,,,,,,,,,,,,,,,,,,,,,,,,,,,,,,,,,,,
2/28/2006,Sycan R @ Drews Rd,SR0070,59,1884,2,28,2006,1250,387.91,3.7,1.92,82.1,11.36,7.59,97.3,113,48,30,NA,29,545,NA,NA,NA,,,,,,,,,,,,,,,,,,,,,,,,,,,,,,,,,,,,,,,,,,,,,,,
3/14/2006,Sycan R @ Drews Rd,SR0070,73,1898,3,14,2006,1315,159.78,2.51,1.97,93.4,10.94,7.46,95.6,65,36,16,NA,35,466,NA,NA,NA,,,,,,,,,,,,,,,,,,,,,,,,,,,,,,,,,,,,,,,,,,,,,,,
3/29/2006,Sycan R @ Drews Rd,SR0070,88,1913,3,29,2006,1030,639.47,4.75,1.39,60.4,11.49,7.31,96.7,74,17,3,NA,12,527,NA,NA,NA,,,,,,,,,,,,,,,,,,,,,,,,,,,,,,,,,,,,,,,,,,,,,,,
4/5/2006,Sycan R @ Drews Rd,SR0070,95,1920,4,5,2006,945,1334.13,NA,1.75,48,11.2,7.53,98.6,90,18,24,NA,15,557,NA,NA,NA,,,,,,,,,,,,,,,,,,,,,,,,,,,,,,,,,,,,,,,,,,,,,,,
4/12/2006,Sycan R @ Drews Rd,SR0070,102,1927,4,12,2006,1324,1537.66,NA,5.65,47,10.35,7.47,96.5,51,22,3,NA,4,425,NA,NA,NA,,,,,,,,,,,,,,,,,,,,,,,,,,,,,,,,,,,,,,,,,,,,,,,
4/19/2006,Sycan R @ Drews Rd,SR0070,109,1934,4,19,2006,1310,1325.1,NA,9.04,47.1,9.64,7.57,97,44,16,11,NA,4,409,NA,NA,NA,,,,,,,,,,,,,,,,,,,,,,,,,,,,,,,,,,,,,,,,,,,,,,,
4/25/2006,Sycan R @ Drews Rd,SR0070,115,1940,4,25,2006,1235,1147.54,6.62,10.99,50.6,8.39,7.4,88.9,44,17,3,NA,4,355,NA,NA,NA,,,,,,,,,,,,,,,,,,,,,,,,,,,,,,,,,,,,,,,,,,,,,,,
5/3/2006,Sycan R @ Drews Rd,SR0070,123,1948,5,3,2006,1011,1601.21,NA,11.4,51.9,8.91,7.19,95.1,75,24,3,NA,4,468,NA,NA,NA,,,,,,,,,,,,,,,,,,,,,,,,,,,,,,,,,,,,,,,,,,,,,,,
5/9/2006,Sycan R @ Drews Rd,SR0070,129,1954,5,9,2006,1345,1199.3,NA,14.1,52,8.65,7.55,97.5,49,26,3,NA,4,399,NA,NA,NA,,,,,,,,,,,,,,,,,,,,,,,,,,,,,,,,,,,,,,,,,,,,,,,
5/23/2006,Sycan R @ Drews Rd,SR0070,143,1968,5,23,2006,1300,796.02,5.55,13.86,56.8,8.72,7.56,98.5,76,40,18,NA,11,478,NA,NA,NA,,,,,,,,,,,,,,,,,,,,,,,,,,,,,,,,,,,,,,,,,,,,,,,
6/6/2006,Sycan R @ Drews Rd,SR0070,157,1982,6,6,2006,1315,248.33,3.32,20.37,71,7.56,7.59,97.7,77,44,3,NA,21,543,NA,NA,NA,,,,,,,,,,,,,,,,,,,,,,,,,,,,,,,,,,,,,,,,,,,,,,,
6/20/2006,Sycan R @ Drews Rd,SR0070,171,1996,6,20,2006,1335,109.35,2.16,19.8,76.1,7.82,7.71,99.2,69,40,3,NA,15,500,NA,NA,NA,,,,,,,,,,,,,,,,,,,,,,,,,,,,,,,,,,,,,,,,,,,,,,,
7/19/2006,Sycan R @ Drews Rd,SR0070,200,2025,7,19,2006,1248,35.03,1.28,23.04,94.4,9.62,8.56,130.9,41,27,3,NA,32,373,NA,NA,NA,,,,,,,,,,,,,,,,,,,,,,,,,,,,,,,,,,,,,,,,,,,,,,,
8/2/2006,Sycan R @ Drews Rd,SR0070,214,2039,8,2,2006,1315,23.59,1.09,19.86,103.6,11.25,9.03,143.5,29,20,13,NA,63,378,NA,NA,NA,,,,,,,,,,,,,,,,,,,,,,,,,,,,,,,,,,,,,,,,,,,,,,,
8/16/2006,Sycan R @ Drews Rd,SR0070,228,2053,8,16,2006,1325,19.1,1.04,19.87,105.6,10.81,9.02,138.6,30,18,10,NA,48,400,NA,NA,NA,,,,,,,,,,,,,,,,,,,,,,,,,,,,,,,,,,,,,,,,,,,,,,,
8/30/2006,Sycan R @ Drews Rd,SR0070,242,2067,8,30,2006,1243,19.9,1.08,16.69,116.6,9.34,9.15,112.1,40,19,11,NA,49,419,NA,NA,NA,,,,,,,,,,,,,,,,,,,,,,,,,,,,,,,,,,,,,,,,,,,,,,,
9/13/2006,Sycan R @ Drews Rd,SR0070,256,2081,9,13,2006,1213,21.17,1.12,16.51,116.6,8.71,8.5,103.6,45,25,3,NA,23,380,NA,NA,NA,,,,,,,,,,,,,,,,,,,,,,,,,,,,,,,,,,,,,,,,,,,,,,,
9/27/2006,Sycan R @ Drews Rd,SR0070,270,2095,9,27,2006,1240,21.35,1.06,12.8,112.5,9.78,8.29,106.9,92,25,15,NA,53,344,NA,NA,NA,,,,,,,,,,,,,,,,,,,,,,,,,,,,,,,,,,,,,,,,,,,,,,,
10/11/2006,Sycan R @ Drews Rd,SR0070,284,2109,10,11,2006,1230,22.38,1.08,9.28,123.7,9.1,7.93,92,50,32,3,NA,54,NA,NA,NA,NA,,,,,,,,,,,,,,,,,,,,,,,,,,,,,,,,,,,,,,,,,,,,,,,
10/24/2006,Sycan R @ Drews Rd,SR0070,297,2122,10,24,2006,1230,21.42,1.07,7.81,124,9.51,7.82,93.9,56,33,3,NA,70,285,NA,NA,NA,,,,,,,,,,,,,,,,,,,,,,,,,,,,,,,,,,,,,,,,,,,,,,,
11/7/2006,Sycan R @ Drews Rd,SR0070,311,2136,11,7,2006,1330,27.25,1.14,11.71,122,9.14,8.03,98.6,50,31,3,NA,67,258,NA,NA,NA,,,,,,,,,,,,,,,,,,,,,,,,,,,,,,,,,,,,,,,,,,,,,,,
11/21/2006,Sycan R @ Drews Rd,SR0070,325,2150,11,21,2006,1300,47.95,1.38,6.35,111.9,10.06,7.74,95.9,39,28,3,NA,25,326,NA,NA,NA,,,,,,,,,,,,,,,,,,,,,,,,,,,,,,,,,,,,,,,,,,,,,,,
12/5/2006,Sycan R @ Drews Rd,SR0070,339,2164,12,5,2006,1208,26.12,1.14,1.65,116.7,10.19,7.37,84.3,44,33,3,NA,73,299,NA,NA,NA,,,,,,,,,,,,,,,,,,,,,,,,,,,,,,,,,,,,,,,,,,,,,,,
1/3/2007,Sycan R @ Drews Rd,SR0070,3,2193,1,3,2007,1330,50.37,1.41,2.06,130.4,8.95,7.62,76.4,58,41,17,NA,60,449,NA,NA,NA,,,,,,,,,,,,,,,,,,,,,,,,,,,,,,,,,,,,,,,,,,,,,,,
1/29/2007,Sycan R @ Drews Rd,SR0070,29,2219,1,29,2007,1214,20.67,1.04,1.85,117.6,10.83,7.81,90.4,58,41,3,NA,98,286,NA,NA,NA,,,,,,,,,,,,,,,,,,,,,,,,,,,,,,,,,,,,,,,,,,,,,,,
2/13/2007,Sycan R @ Drews Rd,SR0070,44,2234,2,13,2007,1310,155.93,2.53,2.01,47.1,10.23,7.44,86,53,30,12,NA,31,320,NA,NA,NA,,,,,,,,,,,,,,,,,,,,,,,,,,,,,,,,,,,,,,,,,,,,,,,
2/27/2007,Sycan R @ Drews Rd,SR0070,58,2248,2,27,2007,1250,77.07,1.7,1.95,84.7,10.58,7.5,91,53,25,3,NA,46,384,NA,NA,NA,,,,,,,,,,,,,,,,,,,,,,,,,,,,,,,,,,,,,,,,,,,,,,,
3/13/2007,Sycan R @ Drews Rd,SR0070,72,2262,3,13,2007,1300,1061.62,6.36,4.76,34.1,10.87,7.17,97.9,106,40,40,NA,24,587,NA,NA,NA,,,,,,,,,,,,,,,,,,,,,,,,,,,,,,,,,,,,,,,,,,,,,,,
3/28/2007,Sycan R @ Drews Rd,SR0070,87,2277,3,28,2007,1015,337.04,3.67,3.26,56,10.72,7.3,92.4,43,11,3,NA,12,521,NA,NA,NA,,,,,,,,,,,,,,,,,,,,,,,,,,,,,,,,,,,,,,,,,,,,,,,
4/10/2007,Sycan R @ Drews Rd,SR0070,100,2290,4,10,2007,1315,268.85,3.32,9.88,62,9.48,8.07,97.1,39,17,3,NA,15,494,NA,NA,NA,,,,,,,,,,,,,,,,,,,,,,,,,,,,,,,,,,,,,,,,,,,,,,,
5/2/2007,Sycan R @ Drews Rd,SR0070,122,2312,5,2,2007,1220,227.57,3.1,12.43,67.6,8.63,8.1,95.4,43,15,3,NA,18,476,NA,NA,NA,,,,,,,,,,,,,,,,,,,,,,,,,,,,,,,,,,,,,,,,,,,,,,,
5/9/2007,Sycan R @ Drews Rd,SR0070,129,2319,5,9,2007,1230,232,3.18,17.89,67.4,7.58,8.77,93.3,41,17,3,NA,14,431,NA,NA,NA,,,,,,,,,,,,,,,,,,,,,,,,,,,,,,,,,,,,,,,,,,,,,,,
5/22/2007,Sycan R @ Drews Rd,SR0070,142,2332,5,22,2007,1250,115.9,2.2,14.37,72.2,8.81,8.57,100.3,42,23,3,NA,32,451,NA,NA,NA,,,,,,,,,,,,,,,,,,,,,,,,,,,,,,,,,,,,,,,,,,,,,,,
6/5/2007,Sycan R @ Drews Rd,SR0070,156,2346,6,5,2007,1235,62.35,1.6,16.54,93.1,7.82,8.27,94.2,44,28,3,NA,51,380,NA,NA,NA,,,,,,,,,,,,,,,,,,,,,,,,,,,,,,,,,,,,,,,,,,,,,,,
6/20/2007,Sycan R @ Drews Rd,SR0070,171,2361,6,20,2007,1300,30.03,1.16,22.51,97.7,8.55,8.43,114.9,47,29,3,NA,37,445,NA,NA,NA,,,,,,,,,,,,,,,,,,,,,,,,,,,,,,,,,,,,,,,,,,,,,,,
7/23/2007,Sycan R @ Drews Rd,SR0070,204,2394,7,23,2007,1316,11.91,0.95,23.42,123.1,9.17,9.53,125.4,56,26,3,NA,87,413,NA,NA,NA,,,,,,,,,,,,,,,,,,,,,,,,,,,,,,,,,,,,,,,,,,,,,,,
7/31/2007,Sycan R @ Drews Rd,SR0070,212,2402,7,31,2007,1300,12.64,0.91,22.17,124.1,8.98,8.87,119.8,50,25,3,NA,100,341,NA,NA,NA,,,,,,,,,,,,,,,,,,,,,,,,,,,,,,,,,,,,,,,,,,,,,,,
8/15/2007,Sycan R @ Drews Rd,SR0070,227,2417,8,15,2007,1230,9.6,0.86,19,116.5,8.88,8.9,111.8,37,24,12,NA,122,346,NA,NA,NA,,,,,,,,,,,,,,,,,,,,,,,,,,,,,,,,,,,,,,,,,,,,,,,
8/28/2007,Sycan R @ Drews Rd,SR0070,240,2430,8,28,2007,1240,13.52,0.96,18.73,127.2,9.25,8.53,115.3,36,24,3,NA,78,310,NA,NA,NA,,,,,,,,,,,,,,,,,,,,,,,,,,,,,,,,,,,,,,,,,,,,,,,
9/13/2007,Sycan R @ Drews Rd,SR0070,256,2446,9,13,2007,1300,15.21,0.98,17.17,126.6,8.46,8.14,102.7,42,29,11,NA,67,358,NA,NA,NA,,,,,,,,,,,,,,,,,,,,,,,,,,,,,,,,,,,,,,,,,,,,,,,
10/10/2007,Sycan R @ Drews Rd,SR0070,283,2473,10,10,2007,1245,18.07,1,9.8,125.9,8.94,7.71,92.5,38,30,3,NA,29,217,NA,NA,NA,,,,,,,,,,,,,,,,,,,,,,,,,,,,,,,,,,,,,,,,,,,,,,,
10/23/2007,Sycan R @ Drews Rd,SR0070,296,2486,10,23,2007,1145,19.87,1.04,8.25,142.8,8.81,7.77,86.2,53,43,3,NA,22,199,NA,NA,NA,,,,,,,,,,,,,,,,,,,,,,,,,,,,,,,,,,,,,,,,,,,,,,,
11/7/2007,Sycan R @ Drews Rd,SR0070,311,2501,11,7,2007,1125,23.22,1.06,5.39,120.4,10.06,7.65,92.4,44,33,3,NA,59,191,NA,NA,NA,,,,,,,,,,,,,,,,,,,,,,,,,,,,,,,,,,,,,,,,,,,,,,,
12/3/2007,Sycan R @ Drews Rd,SR0070,337,2527,12,3,2007,1135,29.75,1.16,2.89,120.5,10.61,7.68,91.9,35,31,3,NA,51,206,NA,NA,NA,,,,,,,,,,,,,,,,,,,,,,,,,,,,,,,,,,,,,,,,,,,,,,,
12/18/2007,Sycan R @ Drews Rd,SR0070,352,2542,12,18,2007,1230,32.16,1.16,2.94,126.6,10.81,7.7,95.1,39,31,3,NA,56,219,NA,NA,NA,,,,,,,,,,,,,,,,,,,,,,,,,,,,,,,,,,,,,,,,,,,,,,,
1/2/2008,Sycan R @ Drews Rd,SR0070,2,2557,1,2,2008,1130,24.44,1.06,1.69,107.9,10.67,7.58,89.1,50,36,11,NA,64,173,NA,NA,NA,,,,,,,,,,,,,,,,,,,,,,,,,,,,,,,,,,,,,,,,,,,,,,,
1/16/2008,Sycan R @ Drews Rd,SR0070,16,2571,1,16,2008,1315,22.85,1.04,1.79,121.3,10.76,7.57,89.2,59,43,3,NA,60,255,NA,NA,NA,,,,,,,,,,,,,,,,,,,,,,,,,,,,,,,,,,,,,,,,,,,,,,,
2/12/2008,Sycan R @ Drews Rd,SR0070,43,2598,2,12,2008,1215,21.67,1.04,4.27,131.4,9.75,7.74,86.5,56,45,3,NA,56,202,NA,NA,NA,,,,,,,,,,,,,,,,,,,,,,,,,,,,,,,,,,,,,,,,,,,,,,,
2/27/2008,Sycan R @ Drews Rd,SR0070,58,2613,2,27,2008,1330,NA,1.12,6.41,135.4,10.17,7.27,96,72,46,3,NA,41,316,NA,NA,NA,,,,,,,,,,,,,,,,,,,,,,,,,,,,,,,,,,,,,,,,,,,,,,,
3/10/2008,Sycan R @ Drews Rd,SR0070,70,2625,3,10,2008,1300,38.98,1.24,6.28,141.1,10.66,7.25,99.4,74,51,3,NA,45,395,NA,NA,NA,,,,,,,,,,,,,,,,,,,,,,,,,,,,,,,,,,,,,,,,,,,,,,,
3/25/2008,Sycan R @ Drews Rd,SR0070,85,2640,3,25,2008,1300,269.29,3.52,2.71,67,12.48,7.37,107.6,111,43,30,NA,30,618,NA,NA,NA,,,,,,,,,,,,,,,,,,,,,,,,,,,,,,,,,,,,,,,,,,,,,,,
4/8/2008,Sycan R @ Drews Rd,SR0070,99,2654,4,8,2008,1300,275.76,3.34,4.76,54.9,10.42,7.48,95.3,57,23,28,NA,17,475,NA,NA,NA,,,,,,,,,,,,,,,,,,,,,,,,,,,,,,,,,,,,,,,,,,,,,,,
4/17/2008,Sycan R @ Drews Rd,SR0070,108,2663,4,17,2008,840,795.05,5.34,5.92,39.5,11.05,7.22,103.1,49,17,14,NA,4,465,NA,NA,NA,,,,,,,,,,,,,,,,,,,,,,,,,,,,,,,,,,,,,,,,,,,,,,,
4/22/2008,Sycan R @ Drews Rd,SR0070,113,2668,4,22,2008,1242,552.02,4.47,4.28,48.9,11.59,7.4,104.1,40,18,19,NA,8,478,NA,NA,NA,,,,,,,,,,,,,,,,,,,,,,,,,,,,,,,,,,,,,,,,,,,,,,,
5/6/2008,Sycan R @ Drews Rd,SR0070,127,2682,5,6,2008,1245,385.92,3.9,14.38,62.1,8.22,7.68,94,42,21,17,NA,4,483,NA,NA,NA,,,,,,,,,,,,,,,,,,,,,,,,,,,,,,,,,,,,,,,,,,,,,,,
5/22/2008,Sycan R @ Drews Rd,SR0070,143,2698,5,22,2008,1330,407.21,4.06,12.13,63.1,9.2,7.72,100.7,43,26,15,NA,10,484,NA,NA,NA,,,,,,,,,,,,,,,,,,,,,,,,,,,,,,,,,,,,,,,,,,,,,,,
6/5/2008,Sycan R @ Drews Rd,SR0070,157,2712,6,5,2008,1220,417.46,4.2,13.7,52.2,NA,7.69,NA,38,22,26,NA,4,467,NA,NA,NA,,,,,,,,,,,,,,,,,,,,,,,,,,,,,,,,,,,,,,,,,,,,,,,
7/16/2008,Sycan R @ Drews Rd,SR0070,198,2753,7,16,2008,1313,19.75,1.08,22.86,112.3,10.62,8.77,143.6,41,18,12,NA,72,374,NA,NA,NA,,,,,,,,,,,,,,,,,,,,,,,,,,,,,,,,,,,,,,,,,,,,,,,
7/31/2008,Sycan R @ Drews Rd,SR0070,213,2768,7,31,2008,1255,10.42,0.88,20.68,116.9,9.91,8.79,129.2,35,21,14,NA,85,369,NA,NA,NA,,,,,,,,,,,,,,,,,,,,,,,,,,,,,,,,,,,,,,,,,,,,,,,
8/13/2008,Sycan R @ Drews Rd,SR0070,226,2781,8,13,2008,1314,12.93,0.9,21.51,124.7,9.58,8.58,126.3,38,21,17,NA,54,385,NA,NA,NA,,,,,,,,,,,,,,,,,,,,,,,,,,,,,,,,,,,,,,,,,,,,,,,
8/27/2008,Sycan R @ Drews Rd,SR0070,240,2795,8,27,2008,1313,11.39,0.84,18.2,119.5,10.2,8.56,125.8,39,26,15,NA,80,359,NA,NA,NA,,,,,,,,,,,,,,,,,,,,,,,,,,,,,,,,,,,,,,,,,,,,,,,
9/10/2008,Sycan R @ Drews Rd,SR0070,254,2809,9,10,2008,1219,13.04,0.88,16.37,120.1,8.9,8.15,106,33,25,16,NA,53,275,NA,NA,NA,,,,,,,,,,,,,,,,,,,,,,,,,,,,,,,,,,,,,,,,,,,,,,,
9/24/2008,Sycan R @ Drews Rd,SR0070,268,2823,9,24,2008,1120,15.15,0.94,11.66,124.9,8.8,8.04,74.6,35,31,14,NA,68,270,NA,NA,NA,,,,,,,,,,,,,,,,,,,,,,,,,,,,,,,,,,,,,,,,,,,,,,,
10/7/2008,Sycan R @ Drews Rd,SR0070,281,2836,10,7,2008,1320,16.7,0.96,13.22,120.6,9.82,8.11,108.7,48,32,7,2,53,226,"28,800",NA,2.2,,,,,,,,,,,,,,,,,,,,,,,,,,,,,,,,,,,,,,,,,,,,,,,
10/21/2008,Sycan R @ Drews Rd,SR0070,295,2850,10,21,2008,1240,17.52,0.96,8.31,120.8,10.04,7.87,98.2,36,31,7,1,72,209,"37,300",NA,2.2,,,,,,,,,,,,,,,,,,,,,,,,,,,,,,,,,,,,,,,,,,,,,,,
11/4/2008,Sycan R @ Drews Rd,SR0070,309,2864,11,4,2008,1310,21.58,1.02,6.75,121.9,9.64,7.85,92.3,89,61,NA,NA,NA,NA,"30,900",NA,2,,,,,,,,,,,,,,,,,,,,,,,,,,,,,,,,,,,,,,,,,,,,,,,
11/17/2008,Sycan R @ Drews Rd,SR0070,322,2877,11,17,2008,1410,24.15,1.08,7.5,118.7,10.74,7.64,103.4,39,33,20,1,45,321,"28,400",NA,5.3,,,,,,,,,,,,,,,,,,,,,,,,,,,,,,,,,,,,,,,,,,,,,,,
12/2/2008,Sycan R @ Drews Rd,SR0070,337,2892,12,2,2008,1228,25.52,1.09,4.9,117.2,10.57,7.69,96.3,44,30,10,2,48,204,"32,700",NA,2.2,,,,,,,,,,,,,,,,,,,,,,,,,,,,,,,,,,,,,,,,,,,,,,,
12/16/2008,Sycan R @ Drews Rd,SR0070,351,2906,12,16,2008,1300,18.95,0.98,0.87,116.9,10.16,7.72,83.5,43,39,10,2,72,229,"35,600",NA,2.9,,,,,,,,,,,,,,,,,,,,,,,,,,,,,,,,,,,,,,,,,,,,,,,
1/13/2009,Sycan R @ Drews Rd,SR0070,13,2933,1,13,2009,1250,25.18,1.1,2.81,138.8,10.7,7.65,90.6,46,41,11,2,56,239,"34,100",NA,1.5,,,,,,,,,,,,,,,,,,,,,,,,,,,,,,,,,,,,,,,,,,,,,,,
1/27/2009,Sycan R @ Drews Rd,SR0070,27,2947,1,27,2009,1230,21.73,1.02,2.11,137.7,11.03,7.68,91.3,54,48,17,2,75,270,"33,700",NA,3.1,,,,,,,,,,,,,,,,,,,,,,,,,,,,,,,,,,,,,,,,,,,,,,,
2/11/2009,Sycan R @ Drews Rd,SR0070,42,2962,2,11,2009,1210,23.09,1.04,2.79,122.3,10.84,7.64,94.3,54,40,13,1,40,213,"32,900",NA,3.8,,,,,,,,,,,,,,,,,,,,,,,,,,,,,,,,,,,,,,,,,,,,,,,
2/23/2009,Sycan R @ Drews Rd,SR0070,54,2974,2,23,2009,1403,56.98,1.52,4.98,100,10.06,7.07,92.7,101,49,19,4,52,613,"24,200",NA,56.2,,,,,,,,,,,,,,,,,,,,,,,,,,,,,,,,,,,,,,,,,,,,,,,
3/9/2009,Sycan R @ Drews Rd,SR0070,68,2988,3,9,2009,1346,84.32,1.86,2.1,69,11.47,7.46,97.4,70,19,11,3,32,425,"19,600",NA,9.2,,,,,,,,,,,,,,,,,,,,,,,,,,,,,,,,,,,,,,,,,,,,,,,
3/23/2009,Sycan R @ Drews Rd,SR0070,82,3002,3,23,2009,1303,264.77,3.24,2.63,42.7,12.08,7.39,101.5,40,13,32,1,15,565,"16,700",NA,13.3,,,,,,,,,,,,,,,,,,,,,,,,,,,,,,,,,,,,,,,,,,,,,,,
4/7/2009,Sycan R @ Drews Rd,SR0070,97,3017,4,7,2009,1253,98.59,2.02,8.8,66.7,9.25,7.57,93.6,46,15,15,3,17,493,"23,300",NA,7.1,,,,,,,,,,,,,,,,,,,,,,,,,,,,,,,,,,,,,,,,,,,,,,,
4/22/2009,Sycan R @ Drews Rd,SR0070,112,3032,4,22,2009,1342,115.16,2.28,16.93,73.2,8.04,7.63,97.4,42,17,13,1,19,553,"26,700",NA,4.4,,,,,,,,,,,,,,,,,,,,,,,,,,,,,,,,,,,,,,,,,,,,,,,
5/4/2009,Sycan R @ Drews Rd,SR0070,124,3044,5,4,2009,1445,355.92,3.92,8.8,57.2,9.99,7.64,98.9,40,12,7,2,12,553,"28,900",NA,8.5,,,,,,,,,,,,,,,,,,,,,,,,,,,,,,,,,,,,,,,,,,,,,,,
5/19/2009,Sycan R @ Drews Rd,SR0070,139,3059,5,19,2009,1256,305.59,3.52,19.62,71.6,7.76,7.7,99.2,52,18,20,1,9,627,"29,300",NA,NA,,,,,,,,,,,,,,,,,,,,,,,,,,,,,,,,,,,,,,,,,,,,,,,
6/2/2009,Sycan R @ Drews Rd,SR0070,153,3073,6,2,2009,1227,99.26,2.1,19.98,83.1,6.98,7.68,89.8,55,33,24,1,12,611,"32,900",NA,1.5,,,,,,,,,,,,,,,,,,,,,,,,,,,,,,,,,,,,,,,,,,,,,,,
7/1/2009,Sycan R @ Drews Rd,SR0070,182,3102,7,1,2009,1345,37.05,1.38,23.82,97.9,10.01,8.56,138.3,35,20,19,1,19,501,"30,500",NA,2.1,,,,,,,,,,,,,,,,,,,,,,,,,,,,,,,,,,,,,,,,,,,,,,,
7/15/2009,Sycan R @ Drews Rd,SR0070,196,3116,7,15,2009,1248,15.26,1.06,20.65,106.1,10.15,8.69,131.5,37,20,22,1,50,473,"29,600",NA,1.9,,,,,,,,,,,,,,,,,,,,,,,,,,,,,,,,,,,,,,,,,,,,,,,
7/29/2009,Sycan R @ Drews Rd,SR0070,210,3130,7,29,2009,1230,8.64,0.81,23.58,126.5,8.82,8.65,121.5,48,28,19,2,73,404,"30,500",NA,2.1,,,,,,,,,,,,,,,,,,,,,,,,,,,,,,,,,,,,,,,,,,,,,,,
8/12/2009,Sycan R @ Drews Rd,SR0070,224,3144,8,12,2009,1420,7.65,0.74,22.36,128,10,8.77,133.8,49,35,18,1,99,399,"29,100",NA,1.7,,,,,,,,,,,,,,,,,,,,,,,,,,,,,,,,,,,,,,,,,,,,,,,
8/24/2009,Sycan R @ Drews Rd,SR0070,236,3156,8,24,2009,1522,10.87,0.85,21.25,129.8,10.79,8.68,142,54,35,13,1,71,318,"29,100",NA,1.6,,,,,,,,,,,,,,,,,,,,,,,,,,,,,,,,,,,,,,,,,,,,,,,
9/10/2009,Sycan R @ Drews Rd,SR0070,253,3173,9,10,2009,1524,13.7,0.89,19.24,123.3,10.84,8.81,136.1,45,27,7,1,68,280,"29,300",NA,2.3,,,,,,,,,,,,,,,,,,,,,,,,,,,,,,,,,,,,,,,,,,,,,,,
9/22/2009,Sycan R @ Drews Rd,SR0070,265,3185,9,22,2009,1352,13.71,0.89,15.26,123.1,10.05,9.03,115.9,47,29,17,1,72,251,"26,800",NA,1.8,,,,,,,,,,,,,,,,,,,,,,,,,,,,,,,,,,,,,,,,,,,,,,,
10/5/2009,Sycan R @ Drews Rd,SR0070,278,3198,10,5,2009,1510,13.85,0.92,10.8,137,10.19,8.25,107.6,50,32,14,1,35,272,"28,400",NA,3.7,,,,,,,,,,,,,,,,,,,,,,,,,,,,,,,,,,,,,,,,,,,,,,,
10/20/2009,Sycan R @ Drews Rd,SR0070,293,3213,10,20,2009,1445,15.74,0.92,10.39,134.6,9.35,7.69,97.3,57,44,25,1,46,314,"29,000",NA,3.9,,,,,,,,,,,,,,,,,,,,,,,,,,,,,,,,,,,,,,,,,,,,,,,
11/3/2009,Sycan R @ Drews Rd,SR0070,307,3227,11,3,2009,1400,15.69,0.92,5.07,147,12.71,7.63,115.6,47,34,20,1,36,191,"30,600",NA,0,,,,,,,,,,,,,,,,,,,,,,,,,,,,,,,,,,,,,,,,,,,,,,,
11/17/2009,Sycan R @ Drews Rd,SR0070,321,3241,11,17,2009,1500,21.53,1.02,3.22,126.6,9.14,7.79,80.3,64,33,18,1,57,206,"31,000",NA,0,,,,,,,,,,,,,,,,,,,,,,,,,,,,,,,,,,,,,,,,,,,,,,,
11/30/2009,Sycan R @ Drews Rd,SR0070,334,3254,11,30,2009,1500,18.15,0.96,4.66,123.7,9.96,7.66,89.3,51,39,11,1,62,249,"33,400",NA,0,,,,,,,,,,,,,,,,,,,,,,,,,,,,,,,,,,,,,,,,,,,,,,,
1/13/2010,Sycan R @ Drews Rd,SR0070,13,3298,1,13,2010,1455,27.08,1.12,6.24,146.2,10.68,7.75,101.6,76,60,17,1,42,408,"29,300",NA,2.7,,,,,,,,,,,,,,,,,,,,,,,,,,,,,,,,,,,,,,,,,,,,,,,
2/9/2010,Sycan R @ Drews Rd,SR0070,40,3325,2,9,2010,1330,27.61,1.1,6.31,133,11.96,7.85,96.9,103,41,14,1,43,520,"30,000",NA,8.9,,,,,,,,,,,,,,,,,,,,,,,,,,,,,,,,,,,,,,,,,,,,,,,
2/23/2010,Sycan R @ Drews Rd,SR0070,54,3339,2,23,2010,1320,66.24,1.59,1.66,86,12.1,NA,86.7,51,22,6,1,28,414,"22,400",NA,4.9,,,,,,,,,,,,,,,,,,,,,,,,,,,,,,,,,,,,,,,,,,,,,,,
3/10/2010,Sycan R @ Drews Rd,SR0070,69,3354,3,10,2010,1445,49.05,1.42,5.87,93,11.79,7.83,94.4,49,17,13,1,28,436,"20,900",NA,9.9,,,,,,,,,,,,,,,,,,,,,,,,,,,,,,,,,,,,,,,,,,,,,,,
3/23/2010,Sycan R @ Drews Rd,SR0070,82,3367,3,23,2010,1355,40.33,1.3,9.7,90,10.97,8,96.5,40,24,19,1,19,408,"24,100",NA,5.6,,,,,,,,,,,,,,,,,,,,,,,,,,,,,,,,,,,,,,,,,,,,,,,
4/6/2010,Sycan R @ Drews Rd,SR0070,96,3381,4,6,2010,1321,55.57,1.52,6.43,85,11.39,7.89,92.5,33,17,13,1,18,432,"26,600",NA,5.8,,,,,,,,,,,,,,,,,,,,,,,,,,,,,,,,,,,,,,,,,,,,,,,
4/20/2010,Sycan R @ Drews Rd,SR0070,110,3395,4,20,2010,1425,50.76,1.46,11.53,91,9.3,7.83,85.4,39,21,3,1,22,379,"28,800",NA,5.6,,,,,,,,,,,,,,,,,,,,,,,,,,,,,,,,,,,,,,,,,,,,,,,
4/26/2010,Sycan R @ Drews Rd,SR0070,116,3401,4,26,2010,15.06,86.01,1.97,10.94,78,10.07,7.83,91.2,46,16,7,1,29,482,"36,700",NA,5.6,,,,,,,,,,,,,,,,,,,,,,,,,,,,,,,,,,,,,,,,,,,,,,,
4/29/2010,Sycan R @ Drews Rd,SR0070,119,3404,4,29,2010,1510,262.77,3.62,6.67,54,11.35,7.65,92.7,53,10,15,1,8,566,"28,000",NA,14.1,,,,,,,,,,,,,,,,,,,,,,,,,,,,,,,,,,,,,,,,,,,,,,,
5/6/2010,Sycan R @ Drews Rd,SR0070,126,3411,5,6,2010,1338,122.15,2.44,9.93,68,10.72,7.87,94.9,39,12,10,1,19,421,"28,200",NA,5,,,,,,,,,,,,,,,,,,,,,,,,,,,,,,,,,,,,,,,,,,,,,,,
5/19/2010,Sycan R @ Drews Rd,SR0070,139,3424,5,19,2010,1450,192.37,3.3,13.99,68,9.26,7.81,89.9,40,11,13,1,13,546,"27,400",NA,6.5,,,,,,,,,,,,,,,,,,,,,,,,,,,,,,,,,,,,,,,,,,,,,,,
6/3/2010,Sycan R @ Drews Rd,SR0070,154,3439,6,3,2010,1300,145.17,2.92,13.72,77,9.15,7.85,88.3,33,12,8,1,15,453,"29,200",NA,NA,,,,,,,,,,,,,,,,,,,,,,,,,,,,,,,,,,,,,,,,,,,,,,,
6/16/2010,Sycan R @ Drews Rd,SR0070,167,3452,6,16,2010,1335,131.68,2.89,15.67,77,8.66,7.83,87.1,37,15,7,1,11,603,"30,600",NA,3.8,,,,,,,,,,,,,,,,,,,,,,,,,,,,,,,,,,,,,,,,,,,,,,,
7/15/2010,Sycan R @ Drews Rd,SR0070,196,3481,7,15,2010,1407,17.8,1.24,22.98,115,12.11,8.98,141.2,39,20,13,1,20,397,"28,800",NA,1.4,,,,,,,,,,,,,,,,,,,,,,,,,,,,,,,,,,,,,,,,,,,,,,,
7/28/2010,Sycan R @ Drews Rd,SR0070,209,3494,7,29,2010,1340,14.06,0.94,21.97,126,11.61,8.98,132.8,44,25,13,2,24,343,"28,300",NA,1.5,,,,,,,,,,,,,,,,,,,,,,,,,,,,,,,,,,,,,,,,,,,,,,,
8/10/2010,Sycan R @ Drews Rd,SR0070,222,3507,8,10,2010,1407,9.05,0.75,19.01,136,11.82,9.15,127.6,43,29,28,1,56,321,"27,700",NA,2,,,,,,,,,,,,,,,,,,,,,,,,,,,,,,,,,,,,,,,,,,,,,,,
9/8/2010,Sycan R @ Drews Rd,SR0070,251,3536,9,8,2010,1400,11.08,0.8,15.58,135,10.05,8.54,101,47,31,28,1,52,267,"28,900",NA,0,,,,,,,,,,,,,,,,,,,,,,,,,,,,,,,,,,,,,,,,,,,,,,,
9/22/2010,Sycan R @ Drews Rd,SR0070,265,3550,9,22,2010,1329,13.71,0.87,14.7,132,10.52,8.27,103.7,46,32,17,1,35,231,"30,600",0,2.2,,,,,,,,,,,,,,,,,,,,,,,,,,,,,,,,,,,,,,,,,,,,,,,
11/3/2010,Sycan R @ Drews Rd,SR0070,307,3592,11,3,2010,1430,NA,1.04,10.16,120,10.83,7.92,96.3,43,28,19,1,34,298,"30,100",2.6,2.1,,,,,,,,,,,,,,,,,,,,,,,,,,,,,,,,,,,,,,,,,,,,,,,
11/16/2010,Sycan R @ Drews Rd,SR0070,320,3605,11,16,2010,1535,22.3,1.08,8.26,118,11.7,8.02,99.9,46,31,52,1,41,283,"28,500",1.7,1.2,,,,,,,,,,,,,,,,,,,,,,,,,,,,,,,,,,,,,,,,,,,,,,,
12/16/2010,Sycan R @ Drews Rd,SR0070,350,3635,12,16,2010,930,NA,3.09,0.17,63,12.52,7.37,86.1,57,17,6,1,28,536,"22,900",4,12.5,,,,,,,,,,,,,,,,,,,,,,,,,,,,,,,,,,,,,,,,,,,,,,,
1/11/2011,Sycan R @ Drews Rd,SR0070,11,3661,1,11,2011,1400,20.71,0.98,1.75,139,11.15,7.54,80.2,62,37,10,2,81,296,"35,300",4.8,4.3,,,,,,,,,,,,,,,,,,,,,,,,,,,,,,,,,,,,,,,,,,,,,,,
1/19/2011,Sycan R @ Drews Rd,SR0070,19,3669,1,19,2011,1245,NA,5.89,0.65,37,12.75,7.51,88.8,79,17,6,1,34,634,"15,200",22.6,10,,,,,,,,,,,,,,,,,,,,,,,,,,,,,,,,,,,,,,,,,,,,,,,
1/20/2011,Sycan R @ Drews Rd,SR0070,20,3670,1,20,2011,1125,629.07,5.12,0.2,46,13.24,7.39,91.1,76,18,NA,1,27,557,"16,900",11.7,13.9,,,,,,,,,,,,,,,,,,,,,,,,,,,,,,,,,,,,,,,,,,,,,,,
1/24/2011,Sycan R @ Drews Rd,SR0070,24,3674,1,24,2011,1330,294.7,3.38,1.07,62,12.91,7.62,91,63,15,NA,1,18,514,"20,100",7,9.5,,,,,,,,,,,,,,,,,,,,,,,,,,,,,,,,,,,,,,,,,,,,,,,
2/7/2011,Sycan R @ Drews Rd,SR0070,38,3688,2,7,2011,1330,136.02,2.37,2.26,78,12.66,7.59,92.2,46,15,3,1,15,457,"23,500",7.6,8,,,,,,,,,,,,,,,,,,,,,,,,,,,,,,,,,,,,,,,,,,,,,,,
2/22/2011,Sycan R @ Drews Rd,SR0070,53,3703,2,22,2011,1355,86.82,1.86,4.07,95,12.15,7.66,92.8,44,16,10,1,19,400,"24,200",5.1,5.6,,,,,,,,,,,,,,,,,,,,,,,,,,,,,,,,,,,,,,,,,,,,,,,
3/7/2011,Sycan R @ Drews Rd,SR0070,66,3716,3,7,2011,1330,254.14,3.44,3.35,78,12.32,7.63,92.5,50,13,3,1,4,494,"23,100",21.2,14.4,,,,,,,,,,,,,,,,,,,,,,,,,,,,,,,,,,,,,,,,,,,,,,,
3/9/2011,Sycan R @ Drews Rd,SR0070,68,3718,3,9,2011,950,399.31,3.97,2.55,62,12.36,7.4,90.7,66,10,3,1,4,632,"20,800",NA,23.4,,,,,,,,,,,,,,,,,,,,,,,,,,,,,,,,,,,,,,,,,,,,,,,
3/17/2011,Sycan R @ Drews Rd,SR0070,76,3726,3,17,2011,1345,687.88,5.33,1.89,48,NA,7.5,118.4,60,12,10,1,9,556,"20,500",23.7,24.7,,,,,,,,,,,,,,,,,,,,,,,,,,,,,,,,,,,,,,,,,,,,,,,
3/23/2011,Sycan R @ Drews Rd,SR0070,82,3732,3,23,2011,1505,325.84,3.64,4.07,64,11.69,7.56,89.3,49,9,3,1,14,533,"23,500",13.2,16,,,,,,,,,,,,,,,,,,,,,,,,,,,,,,,,,,,,,,,,,,,,,,,
4/1/2011,Sycan R @ Drews Rd,SR0070,91,3741,4,1,2011,1300,1021.4,6.3,6.9,43,11.09,7.36,91.1,87,14,NA,1,10,725,"20,500",44.5,23.5,,,,,,,,,,,,,,,,,,,,,,,,,,,,,,,,,,,,,,,,,,,,,,,
4/20/2011,Sycan R @ Drews Rd,SR0070,110,3760,4,20,2011,1125,617.95,5.14,7.21,62,10.52,7.57,87.1,43,12,3,1,4,419,"31,800",9.5,7.7,,,,,,,,,,,,,,,,,,,,,,,,,,,,,,,,,,,,,,,,,,,,,,,
5/4/2011,Sycan R @ Drews Rd,SR0070,126,3776,5,4,2011,1305,411.43,4.3,11.15,68,10.32,7.64,93.9,46,7,3,1,4,466,"30,800",NA,NA,,,,,,,,,,,,,,,,,,,,,,,,,,,,,,,,,,,,,,,,,,,,,,,
5/11/2011,Sycan R @ Drews Rd,SR0070,131,3781,5,11,2011,1210,629.05,5.24,12.1,61,9.57,7.62,89,28,11,3,1,11,457,"30,300",5.1,4.4,,,,,,,,,,,,,,,,,,,,,,,,,,,,,,,,,,,,,,,,,,,,,,,
5/16/2011,Sycan R @ Drews Rd,SR0070,136,3786,5,16,2011,1440,776.06,5.8,9.74,58,10.11,7.65,89,37,12,6,1,4,485,"28,600",8.6,4.9,,,,,,,,,,,,,,,,,,,,,,,,,,,,,,,,,,,,,,,,,,,,,,,
5/18/2011,Sycan R @ Drews Rd,SR0070,138,3788,5,18,2011,1155,850.87,6.02,9.17,56,10.23,7.57,88.9,50,11,3,1,4,415,"26,700",7.5,4.3,,,,,,,,,,,,,,,,,,,,,,,,,,,,,,,,,,,,,,,,,,,,,,,
6/15/2011,Sycan R @ Drews Rd,SR0070,166,3816,6,15,2011,1420,380.68,4.42,18.4,68,8.8,7.75,93.7,61,14,3,1,10,474,"28,400",4.5,1.8,,,,,,,,,,,,,,,,,,,,,,,,,,,,,,,,,,,,,,,,,,,,,,,
6/29/2011,Sycan R @ Drews Rd,SR0070,180,3830,6,29,2011,1330,176.78,3.26,17.89,75,8.23,7.66,86.7,55,21,10,1,18,480,"31,400",1.4,1.2,,,,,,,,,,,,,,,,,,,,,,,,,,,,,,,,,,,,,,,,,,,,,,,
7/12/2011,Sycan R @ Drews Rd,SR0070,193,3843,7,12,2011,1139,80.56,2.1,20.7,87,7.82,7.67,87.2,52,24,3,1,24,458,"33,800",1.2,1.1,,,,,,,,,,,,,,,,,,,,,,,,,,,,,,,,,,,,,,,,,,,,,,,
7/27/2011,Sycan R @ Drews Rd,SR0070,208,3858,7,27,2011,1130,38.41,1.5,20.4,98,9.18,8.24,101.8,45,18,3,1,31,398,"32,200",1.1,1.1,,,,,,,,,,,,,,,,,,,,,,,,,,,,,,,,,,,,,,,,,,,,,,,
8/24/2011,Sycan R @ Drews Rd,SR0070,236,3886,8,24,2011,1046,16.26,0.9,18.21,128,7.7,7.72,81.8,53,27,21,1,117,402,"30,200",1.9,1.2,,,,,,,,,,,,,,,,,,,,,,,,,,,,,,,,,,,,,,,,,,,,,,,
10/5/2011,Sycan R @ Drews Rd,SR0070,278,3928,10,5,2011,1100,24.29,1.02,9.93,131,9.19,7.45,81.3,66,32,10,1,50,301,"30,100",3.2,1.8,,,,,,,,,,,,,,,,,,,,,,,,,,,,,,,,,,,,,,,,,,,,,,,
10/19/2011,Sycan R @ Drews Rd,SR0070,292,3942,10,19,2011,1150,22.99,1.02,10.16,123,9.67,7.81,86.1,45,24,NA,1,48,225,"27,800",1.9,1.6,,,,,,,,,,,,,,,,,,,,,,,,,,,,,,,,,,,,,,,,,,,,,,,
11/3/2011,Sycan R @ Drews Rd,SR0070,307,3957,11,3,2011,1055,22.78,0.98,3.39,121,10.38,7.71,79,52,26,NA,1,64,257,"30,600",2.9,1.2,,,,,,,,,,,,,,,,,,,,,,,,,,,,,,,,,,,,,,,,,,,,,,,
11/15/2011,Sycan R @ Drews Rd,SR0070,319,3969,11,15,2011,1020,23.71,1.02,5.52,121,10.34,7.67,82,39,28,11,1,43,180,"30,900",1.8,1.4,,,,,,,,,,,,,,,,,,,,,,,,,,,,,,,,,,,,,,,,,,,,,,,
11/29/2011,Sycan R @ Drews Rd,SR0070,333,3983,11,29,2011,1033,31.65,1.14,3.99,113,11.18,7.54,85.3,53,22,NA,1,38,248,"28,700",3.9,NA,,,,,,,,,,,,,,,,,,,,,,,,,,,,,,,,,,,,,,,,,,,,,,,
12/14/2011,Sycan R @ Drews Rd,SR0070,348,3998,12,14,2011,1020,18.37,0.92,1.01,126,11.58,7.71,81.5,56,35,24,1,69,277,"32,600",2.4,1.7,,,,,,,,,,,,,,,,,,,,,,,,,,,,,,,,,,,,,,,,,,,,,,,
1/11/2012,Sycan R @ Drews Rd,SR0070,11,4026,1,11,2012,1039,26.37,1.13,1.2,117,11.27,7.46,79.8,52,29,18,1,46,328,"29,200",3.2,1.9,,,,,,,,,,,,,,,,,,,,,,,,,,,,,,,,,,,,,,,,,,,,,,,
1/25/2012,Sycan R @ Drews Rd,SR0070,25,4040,1,25,2012,1254,28.29,1.07,5.4,154,10.73,7.59,84.9,104,75,18,1,58,412,"30,700",4.5,2.1,,,,,,,,,,,,,,,,,,,,,,,,,,,,,,,,,,,,,,,,,,,,,,,
2/7/2012,Sycan R @ Drews Rd,SR0070,38,4053,2,7,2012,1016,28.65,1.08,2.12,133,10.92,7.53,79.3,65,34,20,1,28,246,"31,100",2.7,3.2,,,,,,,,,,,,,,,,,,,,,,,,,,,,,,,,,,,,,,,,,,,,,,,
2/23/2012,Sycan R @ Drews Rd,SR0070,54,4069,2,23,2012,1038,53.26,1.4,2.32,99,11.58,7.18,84.7,53,30,12,1,49,359,"23,200",3.7,3.4,,,,,,,,,,,,,,,,,,,,,,,,,,,,,,,,,,,,,,,,,,,,,,,
3/6/2012,Sycan R @ Drews Rd,SR0070,66,4081,3,6,2012,1100,34.5,1.2,3.07,115,11.29,7.75,84.1,56,27,40,0.5,39,412,"24,900",4.4,3.1,,,,,,,,,,,,,,,,,,,,,,,,,,,,,,,,,,,,,,,,,,,,,,,
3/12/2012,Sycan R @ Drews Rd,SR0070,72,4087,3,12,2012,1006,171.67,2.8,0.56,53,12.41,7.45,86.3,NA,NA,NA,NA,NA,NA,NA,14,7.6,,,,,,,,,,,,,,,,,,,,,,,,,,,,,,,,,,,,,,,,,,,,,,,
3/20/2012,Sycan R @ Drews Rd,SR0070,80,4095,3,20,2012,1326,297.27,3.54,0.84,50,12.75,7.39,88.1,60,12,27,1,8,543,"12,700",9.7,9.5,,,,,,,,,,,,,,,,,,,,,,,,,,,,,,,,,,,,,,,,,,,,,,,
4/2/2012,Sycan R @ Drews Rd,SR0070,93,4108,4,2,2012,931,571.28,4.75,2.38,48,12.11,6.78,88.5,46,8,NA,0.5,12,535,"15,800",16.3,9.5,,,,,,,,,,,,,,,,,,,,,,,,,,,,,,,,,,,,,,,,,,,,,,,
4/18/2012,Sycan R @ Drews Rd,SR0070,109,4124,4,18,2012,1524,354.28,3.7,8.81,67,10.63,7.71,91.5,34,10,8,0.5,10,357,"23,800",6.2,3.8,,,,,,,,,,,,,,,,,,,,,,,,,,,,,,,,,,,,,,,,,,,,,,,
4/28/2012,Sycan R @ Drews Rd,SR0070,119,4134,4,28,2012,1345,672.95,5.4,9.64,65,10.83,7.52,95.2,35,12,32,0.5,4,578,"23,900",7.1,NA,,,,,,,,,,,,,,,,,,,,,,,,,,,,,,,,,,,,,,,,,,,,,,,
5/2/2012,Sycan R @ Drews Rd,SR0070,123,4138,5,2,2012,1307,537.64,4.94,10.35,69,9.97,7.66,89.1,33,11,30,0.5,4,572,"23,600",3.9,2.5,,,,,,,,,,,,,,,,,,,,,,,,,,,,,,,,,,,,,,,,,,,,,,,
6/12/2012,Sycan R @ Drews Rd,SR0070,164,4179,6,12,2012,1400,122.16,2.26,19.43,83,8.35,7.73,90.8,40,21,23,0.5,15,445,"27,200",2.1,1.7,,,,,,,,,,,,,,,,,,,,,,,,,,,,,,,,,,,,,,,,,,,,,,,
6/27/2012,Sycan R @ Drews Rd,SR0070,179,4194,6,27,2012,1351,47.29,1.38,19.38,99,9.64,8.3,104.8,48,26,16,0.5,20,440,"31,200",2,1.3,,,,,,,,,,,,,,,,,,,,,,,,,,,,,,,,,,,,,,,,,,,,,,,
7/10/2012,Sycan R @ Drews Rd,SR0070,192,4207,7,10,2012,934,23.17,1.1,20.3,114,7.34,8.05,81.2,36,18,18,0.5,50,412,"29,300",3.8,1.6,,,,,,,,,,,,,,,,,,,,,,,,,,,,,,,,,,,,,,,,,,,,,,,
7/25/2012,Sycan R @ Drews Rd,SR0070,207,4222,7,25,2012,1000,12.3,0.86,19.2,124,8.23,8.81,89.1,43,NA,NA,0.5,63,339,"27,900",2.7,1.5,,,,,,,,,,,,,,,,,,,,,,,,,,,,,,,,,,,,,,,,,,,,,,,
8/7/2012,Sycan R @ Drews Rd,SR0070,220,4235,8,7,2012,1105,12.79,0.86,18.27,123,8.85,8.75,94,47,24,12,0.5,92,344,"27,000",3.2,2.5,,,,,,,,,,,,,,,,,,,,,,,,,,,,,,,,,,,,,,,,,,,,,,,
8/20/2012,Sycan R @ Drews Rd,SR0070,233,4248,8,20,2012,1022,7.92,0.74,17.73,135,8.79,8.68,92.3,55,33,12,0.5,112,351,"28,500",1.5,1.4,,,,,,,,,,,,,,,,,,,,,,,,,,,,,,,,,,,,,,,,,,,,,,,
9/5/2012,Sycan R @ Drews Rd,SR0070,249,4264,9,5,2012,1116,10.66,0.78,16.4,129,8.84,8.54,90.3,47,31,NA,0.5,57,NA,"25,800",2,1.6,,,,,,,,,,,,,,,,,,,,,,,,,,,,,,,,,,,,,,,,,,,,,,,
9/19/2012,Sycan R @ Drews Rd,SR0070,263,4278,9,19,2012,1037,12.84,0.82,14.27,129,8.42,8.17,82.2,44,32,27,0.5,67,301,"29,900",2.6,1.6,,,,,,,,,,,,,,,,,,,,,,,,,,,,,,,,,,,,,,,,,,,,,,,
10/1/2012,Sycan R @ Drews Rd,SR0070,275,4290,10,1,2012,1103,13.28,0.84,12.66,132,8.67,7.82,81.6,50,28,31,0.5,74,276,"28,800",2.5,1.9,,,,,,,,,,,,,,,,,,,,,,,,,,,,,,,,,,,,,,,,,,,,,,,
10/15/2012,Sycan R @ Drews Rd,SR0070,289,4304,10,15,2012,1100,14.14,0.85,11.54,126,8.71,7.81,80,43,32,21,0.5,69,247,"30,100",2.4,2.3,,,,,,,,,,,,,,,,,,,,,,,,,,,,,,,,,,,,,,,,,,,,,,,
11/15/2012,Sycan R @ Drews Rd,SR0070,320,4335,11,15,2012,1050,19.75,0.98,4.99,136,10.61,7.61,83.1,44,30,88,0.5,48,221,"29,600",2.3,1.6,,,,,,,,,,,,,,,,,,,,,,,,,,,,,,,,,,,,,,,,,,,,,,,
11/29/2012,Sycan R @ Drews Rd,SR0070,334,4349,11,29,2012,1126,27.49,1.06,4.61,121,10.59,7.38,82.1,45,28,12,0.5,64,279,"29,900",3.3,1.5,,,,,,,,,,,,,,,,,,,,,,,,,,,,,,,,,,,,,,,,,,,,,,,
12/4/2012,Sycan R @ Drews Rd,SR0070,339,4354,12,4,2012,1245,98.07,2.36,4.17,55,10.91,7.11,83.6,63,26,78,0.5,25,434,"17,800",8,13.4,,,,,,,,,,,,,,,,,,,,,,,,,,,,,,,,,,,,,,,,,,,,,,,
12/6/2012,Sycan R @ Drews Rd,SR0070,340,4355,12,6,2012,1225,164.87,2.85,3.85,48,11.52,7.07,87.5,65,21,10,0.5,17,528,"19,600",8,14,,,,,,,,,,,,,,,,,,,,,,,,,,,,,,,,,,,,,,,,,,,,,,,
12/11/2012,Sycan R @ Drews Rd,SR0070,346,4361,12,11,2012,1106,42.28,1.34,0.79,79,12.03,7.16,84.2,46,23,NA,0.5,37,416,"25,400",4.5,7.3,,,,,,,,,,,,,,,,,,,,,,,,,,,,,,,,,,,,,,,,,,,,,,,
1/9/2013,Sycan R @ Drews Rd,SR0070,9,4389,1,9,2013,1058,29.71,1.1,2.61,125,10.74,7.1,79.1,55,37,19,0.5,59,288,"31,900",4.9,2.7,,,,,,,,,,,,,,,,,,,,,,,,,,,,,,,,,,,,,,,,,,,,,,,
2/6/2013,Sycan R @ Drews Rd,SR0070,37,4417,2,6,2013,1230,32.52,1.16,4.15,118,11.04,7.17,84.6,53,35,20,0.5,88,357,"30,500",3.4,3.7,,,,,,,,,,,,,,,,,,,,,,,,,,,,,,,,,,,,,,,,,,,,,,,
2/20/2013,Sycan R @ Drews Rd,SR0070,51,4431,2,20,2013,1229,23.51,1.04,3.34,140,11.3,7.31,84.7,171,37,8,0.5,61,307,"30,900",5.2,3.9,,,,,,,,,,,,,,,,,,,,,,,,,,,,,,,,,,,,,,,,,,,,,,,
3/5/2013,Sycan R @ Drews Rd,SR0070,64,4444,3,5,2013,1235,74.75,1.74,3.58,118,11.43,7.44,86.2,78,42,7,0.5,15,334,"24,700",8.5,10.3,,,,,,,,,,,,,,,,,,,,,,,,,,,,,,,,,,,,,,,,,,,,,,,
3/18/2013,Sycan R @ Drews Rd,SR0070,77,4457,3,18,2013,1025,383.92,3.81,2.81,44,11.77,NA,87,55,12,3,0.5,4,466,"17,900",12.5,10.3,,,,,,,,,,,,,,,,,,,,,,,,,,,,,,,,,,,,,,,,,,,,,,,
4/3/2013,Sycan R @ Drews Rd,SR0070,93,4473,4,3,2013,1443,295.04,3.53,9.49,63,10.59,7.08,92.7,40,9,3,0.5,10,503,"23,200",7.9,8.8,,,,,,,,,,,,,,,,,,,,,,,,,,,,,,,,,,,,,,,,,,,,,,,
4/18/2013,Sycan R @ Drews Rd,SR0070,108,4488,4,18,2013,1208,218.19,3.02,7.96,64,10.49,7.25,88.5,30,10,3,0.5,10,376,"25,800",3.6,3.5,,,,,,,,,,,,,,,,,,,,,,,,,,,,,,,,,,,,,,,,,,,,,,,
7/10/2013,Sycan R @ Drews Rd,SR0070,191,4571,7,10,2013,1253,10.85,0.9,28.83,130,11.37,9.07,153.9,40,24,3,0.5,48,343,"27,800",4.2,1.1,,,,,,,,,,,,,,,,,,,,,,,,,,,,,,,,,,,,,,,,,,,,,,,
7/23/2013,Sycan R @ Drews Rd,SR0070,204,4584,7,23,2013,1410,8.83,0.81,24.23,134,13.52,8.96,187.5,42,27,3,0.5,52,304,"28,200",2.7,1.3,,,,,,,,,,,,,,,,,,,,,,,,,,,,,,,,,,,,,,,,,,,,,,,
7/31/2013,Sycan R @ Drews Rd,SR0070,212,4592,7,31,2013,1120,8.33,0.8,19.61,132,11.22,9,142.5,41,26,23,0.5,70,293,"27,400",1,1.2,,,,,,,,,,,,,,,,,,,,,,,,,,,,,,,,,,,,,,,,,,,,,,,
8/7/2013,Sycan R @ Drews Rd,SR0070,219,4599,8,7,2013,1340,10.13,0.86,20.71,138,10.75,9.02,140.1,51,27,9,0.5,41,288,"26,300",2,1.3,,,,,,,,,,,,,,,,,,,,,,,,,,,,,,,,,,,,,,,,,,,,,,,
8/20/2013,Sycan R @ Drews Rd,SR0070,232,4612,8,20,2013,1345,8.43,0.84,22.63,131,11.58,9.21,156.2,NA,27,NA,0.5,75,285,"26,400",2,NA,,,,,,,,,,,,,,,,,,,,,,,,,,,,,,,,,,,,,,,,,,,,,,,
9/4/2013,Sycan R @ Drews Rd,SR0070,247,4627,9,4,2013,1347,9.36,0.82,18.96,128,11.27,9.14,141.7,47,27,15,0.5,54,270,"26,100",1,1.3,,,,,,,,,,,,,,,,,,,,,,,,,,,,,,,,,,,,,,,,,,,,,,,
9/18/2013,Sycan R @ Drews Rd,SR0070,261,4641,9,18,2013,1258,9.66,0.82,15.49,131,10.27,8.57,120.2,45,26,9,0.5,61,236,"27,200",1,1.5,,,,,,,,,,,,,,,,,,,,,,,,,,,,,,,,,,,,,,,,,,,,,,,
10/1/2013,Sycan R @ Drews Rd,SR0070,274,4654,10,1,2013,1340,16.34,0.92,13.1,130,11.38,8.29,126.6,41,28,8,0.5,27,222,"28,300",1.6,1.5,,,,,,,,,,,,,,,,,,,,,,,,,,,,,,,,,,,,,,,,,,,,,,,
10/15/2013,Sycan R @ Drews Rd,SR0070,288,4668,10,15,2013,1023,12.75,0.85,6.35,132,9.72,8.03,91.5,41,28,13,0.5,47,286,"29,200",3.1,1.4,,,,,,,,,,,,,,,,,,,,,,,,,,,,,,,,,,,,,,,,,,,,,,,
10/29/2013,Sycan R @ Drews Rd,SR0070,302,4682,10,29,2013,1027,12.73,0.86,4.92,135,9.71,7.76,89.1,45,27,8,0.5,34,191,"29,900",2.1,1.7,,,,,,,,,,,,,,,,,,,,,,,,,,,,,,,,,,,,,,,,,,,,,,,
11/13/2013,Sycan R @ Drews Rd,SR0070,318,4698,11,13,2013,1018,18.06,0.96,7.54,121,10.16,7.53,98,36,20,3,0.5,33,162,"29,300",1.3,1.3,,,,,,,,,,,,,,,,,,,,,,,,,,,,,,,,,,,,,,,,,,,,,,,
1/9/2014,Sycan R @ Drews Rd,SR0070,9,4754,1,9,2014,910,16.37,0.91,2.43,151,10.58,7.78,90.5,75,53,NA,0.5,55,296,"33,900",3.8,2.3,,,,,,,,,,,,,,,,,,,,,,,,,,,,,,,,,,,,,,,,,,,,,,,
1/21/2014,Sycan R @ Drews Rd,SR0070,21,4766,1,21,2014,1446,15.91,0.9,4.09,129,12.14,8.21,107.6,55,39,6,0.5,47,197,"32,800",2.9,2.4,,,,,,,,,,,,,,,,,,,,,,,,,,,,,,,,,,,,,,,,,,,,,,,
2/4/2014,Sycan R @ Drews Rd,SR0070,35,4780,2,4,2014,1105,21.84,1,2.36,120,11.67,7.56,99.9,46,32,9,0.5,46,224,"30,700",2.3,1.7,,,,,,,,,,,,,,,,,,,,,,,,,,,,,,,,,,,,,,,,,,,,,,,
2/19/2014,Sycan R @ Drews Rd,SR0070,50,4795,2,19,2014,1321,107.54,2.02,2.48,61,12.14,7.09,108,59,16,6,0.5,28,508,"15,100",5.5,8.3,,,,,,,,,,,,,,,,,,,,,,,,,,,,,,,,,,,,,,,,,,,,,,,
3/7/2014,Sycan R @ Drews Rd,SR0070,66,4811,3,7,2014,1245,117.47,2.28,6.36,61,10.87,7.03,102.4,54,14,11,0.5,16,506,"21,000",4,7.2,,,,,,,,,,,,,,,,,,,,,,,,,,,,,,,,,,,,,,,,,,,,,,,
3/12/2014,Sycan R @ Drews Rd,SR0070,71,4816,3,12,2014,940,276.7,3.73,3.81,51,11.02,7.4,96.8,48,NA,8,0.5,10,582,"18,300",10.2,12.1,,,,,,,,,,,,,,,,,,,,,,,,,,,,,,,,,,,,,,,,,,,,,,,
4/2/2014,Sycan R @ Drews Rd,SR0070,92,4837,4,2,2014,1005,120.54,2.2,5.33,73,10.3,7.23,95.5,36,11,3,0.5,10,528,"25,300",2.9,5,,,,,,,,,,,,,,,,,,,,,,,,,,,,,,,,,,,,,,,,,,,,,,,
4/15/2014,Sycan R @ Drews Rd,SR0070,105,4850,4,15,2014,1415,101.99,2.08,13.34,76,9.74,7.62,108.8,59,12,10,0.5,4,424,"25,200",2.5,2.3,,,,,,,,,,,,,,,,,,,,,,,,,,,,,,,,,,,,,,,,,,,,,,,
4/29/2014,Sycan R @ Drews Rd,SR0070,119,4864,4,29,2014,1406,108.49,2.06,13.68,73,10.45,7.87,117.2,41,10,3,0.5,12,379,"27,700",1,1.6,,,,,,,,,,,,,,,,,,,,,,,,,,,,,,,,,,,,,,,,,,,,,,,
5/13/2014,Sycan R @ Drews Rd,SR0070,133,4878,5,13,2014,900,72.86,1.78,13.22,77,8.09,7.54,89.2,32,10,6,0.5,15,420,"27,500",1,1.3,,,,,,,,,,,,,,,,,,,,,,,,,,,,,,,,,,,,,,,,,,,,,,,
5/28/2014,Sycan R @ Drews Rd,SR0070,148,4893,5,28,2014,1415,35.33,1.23,18.79,94,10.64,8.92,133.3,34,15,9,0.5,12,371,"30,000",1,1.2,,,,,,,,,,,,,,,,,,,,,,,,,,,,,,,,,,,,,,,,,,,,,,,
6/10/2014,Sycan R @ Drews Rd,SR0070,161,4906,6,10,2014,1400,17.13,0.94,22.89,111,12.94,9.2,176.1,34,12,15,0.5,32,403,"28,600",1,1.1,,,,,,,,,,,,,,,,,,,,,,,,,,,,,,,,,,,,,,,,,,,,,,,
7/8/2014,Sycan R @ Drews Rd,SR0070,189,4934,7,8,2014,1345,7.92,0.78,23.56,129,11.04,9.12,151.8,40,23,19,0.5,29,366,"23,600",1,1.7,,,,,,,,,,,,,,,,,,,,,,,,,,,,,,,,,,,,,,,,,,,,,,,
7/23/2014,Sycan R @ Drews Rd,SR0070,204,4949,7,23,2014,1015,8.48,0.8,19.66,133,9.3,8.86,118.7,65,33,8,0.5,29,276,"27,100",1,1.1,,,,,,,,,,,,,,,,,,,,,,,,,,,,,,,,,,,,,,,,,,,,,,,
8/6/2014,Sycan R @ Drews Rd,SR0070,218,4963,8,6,2014,1300,7.9,0.8,22.62,123,12.34,9.18,166.3,47,30,11,0.5,31,296,"26,900",1,1,,,,,,,,,,,,,,,,,,,,,,,,,,,,,,,,,,,,,,,,,,,,,,,
8/19/2014,Sycan R @ Drews Rd,SR0070,231,4976,8,19,2014,1245,9.37,0.8,22.02,129,12.92,9.31,173.3,39,21,10,0.5,45,270,"22,600",1,0.8,,,,,,,,,,,,,,,,,,,,,,,,,,,,,,,,,,,,,,,,,,,,,,,
9/3/2014,Sycan R @ Drews Rd,SR0070,246,4991,9,3,2014,1320,9.47,0.8,18.22,120,13.39,9.39,166.4,31,18,15,0.5,34,230,"20,900",1,0.9,,,,,,,,,,,,,,,,,,,,,,,,,,,,,,,,,,,,,,,,,,,,,,,
9/16/2014,Sycan R @ Drews Rd,SR0070,259,5004,9,16,2014,1330,9.49,0.8,17.86,123,12.33,9.28,152.2,32,17,14,0.5,39,239,"19,800",1,1.3,,,,,,,,,,,,,,,,,,,,,,,,,,,,,,,,,,,,,,,,,,,,,,,
9/30/2014,Sycan R @ Drews Rd,SR0070,273,5018,9,30,2014,1330,10.88,0.82,15.94,136,11.76,8.88,139.1,32,20,12,0.5,38,NA,"24,300",3.6,1.9,,,,,,,,,,,,,,,,,,,,,,,,,,,,,,,,,,,,,,,,,,,,,,,
10/14/2014,Sycan R @ Drews Rd,SR0070,287,5032,10,14,2014,1340,13.24,0.86,11.8,145,10.4,8.32,112.8,41,27,14,0.5,25,259,"27,500",2.9,1.5,,,,,,,,,,,,,,,,,,,,,,,,,,,,,,,,,,,,,,,,,,,,,,,
10/29/2014,Sycan R @ Drews Rd,SR0070,302,5047,10,29,2014,1330,14.3,0.89,10.11,160,9.87,7.81,102.3,47,35,8,0.5,28,267,"29,500",0.9,1.3,,,,,,,,,,,,,,,,,,,,,,,,,,,,,,,,,,,,,,,,,,,,,,,
11/12/2014,Sycan R @ Drews Rd,SR0070,316,5061,11,12,2014,1330,14.45,0.88,7.01,151,11.79,8.23,113.6,52,33,25,0.5,40,233,"30,700",2.4,1.4,,,,,,,,,,,,,,,,,,,,,,,,,,,,,,,,,,,,,,,,,,,,,,,
12/12/2014,Sycan R @ Drews Rd,SR0070,346,5091,12,12,2014,1426,129.13,2.4,5.08,87,10.93,7.66,101.6,47,19,13,0.5,16,473,"23,800",NA,10.3,,,,,,,,,,,,,,,,,,,,,,,,,,,,,,,,,,,,,,,,,,,,,,,
1/6/2015,Sycan R @ Drews Rd,SR0070,6,5116,1,6,2015,1300,61.67,1.6,2.52,99,11.77,7.23,99.7,51,17,10,0.5,57,433,"30,900",2.2,6.57,,,,,,,,,,,,,,,,,,,,,,,,,,,,,,,,,,,,,,,,,,,,,,,
1/21/2015,Sycan R @ Drews Rd,SR0070,21,5131,1,21,2015,1310,170.38,2.68,1.08,62,12.63,6.92,103.2,53,12,12,0.5,41,516,"21,500",3.6,19.5,,,,,,,,,,,,,,,,,,,,,,,,,,,,,,,,,,,,,,,,,,,,,,,
2/3/2015,Sycan R @ Drews Rd,SR0070,34,5144,2,3,2015,1410,160.7,2.54,4.3,89,11.05,7.49,99.4,58,14,15,0.5,23,523,"23,100",4.9,20.3,,,,,,,,,,,,,,,,,,,,,,,,,,,,,,,,,,,,,,,,,,,,,,,
2/10/2015,Sycan R @ Drews Rd,SR0070,41,5151,2,10,2015,1330,390.97,4.18,4.56,52,11.09,6.58,99.8,57,10,13,0.5,80,622,"22,200",6.2,18.8,,,,,,,,,,,,,,,,,,,,,,,,,,,,,,,,,,,,,,,,,,,,,,,
2/25/2015,Sycan R @ Drews Rd,SR0070,56,5166,2,25,2015,1400,137.87,2.4,3.97,74,12.34,7.64,108.8,37,10,10,0.5,20,445,"24,400",NA,6.3,,,,,,,,,,,,,,,,,,,,,,,,,,,,,,,,,,,,,,,,,,,,,,,
3/12/2015,Sycan R @ Drews Rd,SR0070,71,5181,3,12,2015,1400,84.24,1.84,10.61,99,10.88,7.7,113.3,42,13,10,0.5,19,426,"26,500",3.3,4.53,,,,,,,,,,,,,,,,,,,,,,,,,,,,,,,,,,,,,,,,,,,,,,,
3/24/2015,Sycan R @ Drews Rd,SR0070,83,5193,3,24,2015,1450,114,3.1,7.37,69,11.03,7.6,107.2,47,11,9,1,15,473,"25,600",NA,12,,,,,,,,,,,,,,,,,,,,,,,,,,,,,,,,,,,,,,,,,,,,,,,
4/10/2015,Sycan R @ Drews Rd,SR0070,100,5210,4,10,2015,1155,140.59,2.6,8.84,70,10.9,7.73,110,29,8,7,0.5,10,358,"27,300",3.1,NA,,,,,,,,,,,,,,,,,,,,,,,,,,,,,,,,,,,,,,,,,,,,,,,
4/22/2015,Sycan R @ Drews Rd,SR0070,112,5222,4,22,2015,1315,69.21,1.94,15.28,82,10.59,8.29,123.8,34,13,3,0.5,15,371,"28,000",1.1,2.19,,,,,,,,,,,,,,,,,,,,,,,,,,,,,,,,,,,,,,,,,,,,,,,
5/6/2015,Sycan R @ Drews Rd,SR0070,126,5236,5,6,2015,1330,34.36,1.4,15.75,92,12.09,8.9,142.8,29,9,10,0.5,15,360,"29,600",1.2,1.95,,,,,,,,,,,,,,,,,,,,,,,,,,,,,,,,,,,,,,,,,,,,,,,
6/3/2015,Sycan R @ Drews Rd,SR0070,154,5264,6,3,2015,1330,43.65,1.6,19.98,97,11.39,8.76,146.8,40,15,10,0.5,17,460,"26,700",1.2,0.98,,,,,,,,,,,,,,,,,,,,,,,,,,,,,,,,,,,,,,,,,,,,,,,
6/18/2015,Sycan R @ Drews Rd,SR0070,169,5279,6,18,2015,1230,14.78,1.04,22.12,112,11.26,8.84,151,40,18,14,0.5,29,389,"23,400",1.9,1.13,,,,,,,,,,,,,,,,,,,,,,,,,,,,,,,,,,,,,,,,,,,,,,,
7/28/2015,Sycan R @ Drews Rd,SR0070,209,5319,7,28,2015,1120,10.15,0.9,18.44,128,12.24,9.2,151.4,26,13,8,0.5,41,232,"21,000",1,0.73,,,,,,,,,,,,,,,,,,,,,,,,,,,,,,,,,,,,,,,,,,,,,,,
8/12/2015,Sycan R @ Drews Rd,SR0070,224,5334,8,12,2015,1350,8.78,0.8,22.22,125,13.89,9.18,186,31,18,8,0.5,27,284,"20,600",3.4,1.11,,,,,,,,,,,,,,,,,,,,,,,,,,,,,,,,,,,,,,,,,,,,,,,
8/25/2015,Sycan R @ Drews Rd,SR0070,237,5347,8,25,2015,1145,8.85,0.82,19.51,125,10.33,8.78,131,33,14,9,0.5,27,257,"20,200",2.1,1.89,,,,,,,,,,,,,,,,,,,,,,,,,,,,,,,,,,,,,,,,,,,,,,,
9/9/2015,Sycan R @ Drews Rd,SR0070,252,5362,9,9,2015,1405,9.28,0.8,18.15,120,12.6,8.93,155.6,21,14,9,0.5,48,215,"21,800",1.7,1.13,,,,,,,,,,,,,,,,,,,,,,,,,,,,,,,,,,,,,,,,,,,,,,,
9/22/2015,Sycan R @ Drews Rd,SR0070,265,5375,9,22,2015,1310,10.09,0.84,15.84,130,10.13,8.41,121,29,17,10,0.5,39,245,"24,300",1.7,1.2,,,,,,,,,,,,,,,,,,,,,,,,,,,,,,,,,,,,,,,,,,,,,,,
10/6/2015,Sycan R @ Drews Rd,SR0070,279,5389,10,6,2015,1314,11.54,0.86,13.3,136,10,8.06,111.5,34,22,14,0.5,47,226,"27,700",2.4,1.46,,,,,,,,,,,,,,,,,,,,,,,,,,,,,,,,,,,,,,,,,,,,,,,
10/20/2015,Sycan R @ Drews Rd,SR0070,293,5403,10,20,2015,1345,10.78,0.9,12.3,145,9.79,7.86,106.4,45,29,12,0.5,51,263,"29,600",1,1.28,,,,,,,,,,,,,,,,,,,,,,,,,,,,,,,,,,,,,,,,,,,,,,,
11/3/2015,Sycan R @ Drews Rd,SR0070,307,5417,11,3,2015,1331,13.59,0.92,7.8,167,10.31,8.09,102,60,34,11,0.5,45,365,"32,900",9.8,4.41,,,,,,,,,,,,,,,,,,,,,,,,,,,,,,,,,,,,,,,,,,,,,,,
11/17/2015,Sycan R @ Drews Rd,SR0070,322,5432,11,17,2015,1330,15.15,0.92,5.8,162,10.7,8.04,99.6,67,35,13,0.5,42,248,"33,400",1,1.15,,,,,,,,,,,,,,,,,,,,,,,,,,,,,,,,,,,,,,,,,,,,,,,
12/16/2015,Sycan R @ Drews Rd,SR0070,351,5461,12,16,2015,1123,15.25,0.94,1.74,189,11.12,7.7,93.3,55,43,16,0.5,55,275,"33,900",1,2.03,,,,,,,,,,,,,,,,,,,,,,,,,,,,,,,,,,,,,,,,,,,,,,,
1/26/2016,Sycan R @ Drews Rd,SR0070,26,5502,1,26,2016,1330,132.92,2.2,2.02,79,12.42,7.52,103.7,55,26,9,0.5,23,378,"25,800",3.1,5.93,,,,,,,,,,,,,,,,,,,,,,,,,,,,,,,,,,,,,,,,,,,,,,,
2/1/2016,Sycan R @ Drews Rd,SR0070,32,5508,2,1,2016,1045,233,3.56,0.23,56,12.33,7.42,99.1,56,18,10,0.5,45,478,"24,300",7.6,7.42,,,,,,,,,,,,,,,,,,,,,,,,,,,,,,,,,,,,,,,,,,,,,,,
2/17/2016,Sycan R @ Drews Rd,SR0070,48,5524,2,17,2016,1300,473.25,4.48,1.89,45,12.1,6.87,103.8,48,14,16,0.5,69,512,"21,600",10.4,8.53,,,,,,,,,,,,,,,,,,,,,,,,,,,,,,,,,,,,,,,,,,,,,,,
2/24/2016,Sycan R @ Drews Rd,SR0070,55,5531,2,24,2016,927,263.51,3.18,2.19,58,11.28,6.93,95.4,48,9,12,0.5,18,568,"22,000",2.9,7.2,,,,,,,,,,,,,,,,,,,,,,,,,,,,,,,,,,,,,,,,,,,,,,,
3/9/2016,Sycan R @ Drews Rd,SR0070,69,5545,3,9,2016,1011,596.3,4.91,2.36,54,11.74,7.39,100.9,51,10,16,0.5,29,701,"23,500",7.1,9.84,,,,,,,,,,,,,,,,,,,,,,,,,,,,,,,,,,,,,,,,,,,,,,,
3/23/2016,Sycan R @ Drews Rd,SR0070,83,5559,3,23,2016,1400,524,4.37,4.48,59,11.82,7.42,106.1,41,9,12,0.5,13,552,"27,300",3.3,5.68,,,,,,,,,,,,,,,,,,,,,,,,,,,,,,,,,,,,,,,,,,,,,,,
4/5/2016,Sycan R @ Drews Rd,SR0070,96,5572,4,5,2016,1024,202.58,3.02,10.28,77,9.15,7.52,94.3,49,13,10,0.5,16,534,"28,700",3.4,3.96,,,,,,,,,,,,,,,,,,,,,,,,,,,,,,,,,,,,,,,,,,,,,,,
4/18/2016,Sycan R @ Drews Rd,SR0070,109,5585,4,18,2016,1300,253.84,4.38,13.69,61,9.15,7.44,102.5,50,17,13,0.5,10,537,"26,800",3.5,4.26,,,,,,,,,,,,,,,,,,,,,,,,,,,,,,,,,,,,,,,,,,,,,,,
5/3/2016,Sycan R @ Drews Rd,SR0070,124,5600,5,3,2016,1243,228.99,3.14,14.28,67,9.1,7.67,103.7,40,15,10,0.5,12,472,"27,800",2.4,2.37,,,,,,,,,,,,,,,,,,,,,,,,,,,,,,,,,,,,,,,,,,,,,,,
6/2/2016,Sycan R @ Drews Rd,SR0070,154,5630,6,2,2016,940,88,2.7,18.06,81,7.1,7.47,88,43,18,6,0.5,12,476,"27,200",1,1.23,,,,,,,,,,,,,,,,,,,,,,,,,,,,,,,,,,,,,,,,,,,,,,,
6/13/2016,Sycan R @ Drews Rd,SR0070,165,5641,6,13,2016,1159,50,2.16,19.26,95,9.69,8.34,122.7,57,21,8,0.5,13,509,"30,600",NA,1.15,,,,,,,,,,,,,,,,,,,,,,,,,,,,,,,,,,,,,,,,,,,,,,,
6/28/2016,Sycan R @ Drews Rd,SR0070,180,5656,6,28,2016,955,36.96,1.48,20.59,96,8.08,7.86,104.7,44,16,3,0.5,9,489,"26,600",1.2,1.07,,,,,,,,,,,,,,,,,,,,,,,,,,,,,,,,,,,,,,,,,,,,,,,
7/12/2016,Sycan R @ Drews Rd,SR0070,194,5670,7,12,2016,1249,15.14,1.18,19.38,118,11.71,8.75,148.5,48,26,3,0.5,43,341,"27,200",0.5,1.1,,,,,,,,,,,,,,,,,,,,,,,,,,,,,,,,,,,,,,,,,,,,,,,
7/26/2016,Sycan R @ Drews Rd,SR0070,208,5684,7,26,2016,1315,9.47,0.9,23.64,129,12.25,8.93,168.5,46,26,10,0.5,46,310,"25,400",1,1.04,,,,,,,,,,,,,,,,,,,,,,,,,,,,,,,,,,,,,,,,,,,,,,,
8/9/2016,Sycan R @ Drews Rd,SR0070,222,5698,8,9,2016,1330,9.03,0.84,19.69,125,12.85,9.13,164.4,37,21,3,0.5,36,237,"24,600",1.7,0.9,,,,,,,,,,,,,,,,,,,,,,,,,,,,,,,,,,,,,,,,,,,,,,,
8/23/2016,Sycan R @ Drews Rd,SR0070,236,5712,8,23,2016,1050,10.43,0.82,16.21,128,9.28,8.47,110.2,38,19,7,0.5,39,227,"23,500",1.5,1.46,,,,,,,,,,,,,,,,,,,,,,,,,,,,,,,,,,,,,,,,,,,,,,,
9/20/2016,Sycan R @ Drews Rd,SR0070,264,5740,9,20,2016,1103,11.95,0.8,13.49,124,9.02,8.06,101,38,22,10,0.5,75,243,"24,500",1.2,1.46,,,,,,,,,,,,,,,,,,,,,,,,,,,,,,,,,,,,,,,,,,,,,,,
10/4/2016,Sycan R @ Drews Rd,SR0070,278,5754,10,4,2016,1324,11.7,0.84,10.48,124,10.77,8.05,113.5,45,27,14,0.5,43,200,"27,400",1,1.21,,,,,,,,,,,,,,,,,,,,,,,,,,,,,,,,,,,,,,,,,,,,,,,
10/18/2016,Sycan R @ Drews Rd,SR0070,292,5768,10,18,2016,1345,16.83,0.92,9.54,164,10.19,7.89,105.2,68,43,16,0.5,44,436,"31,600",2.5,1.78,,,,,,,,,,,,,,,,,,,,,,,,,,,,,,,,,,,,,,,,,,,,,,,
11/1/2016,Sycan R @ Drews Rd,SR0070,306,5782,11,1,2016,1300,14.11,0.86,8.66,173,10.14,7.48,102.2,73,46,16,0.5,36,347,"32,300",1.5,1.31,,,,,,,,,,,,,,,,,,,,,,,,,,,,,,,,,,,,,,,,,,,,,,,
11/16/2016,Sycan R @ Drews Rd,SR0070,321,5797,11,16,2016,1413,22,1.71,7.13,151,10.54,7.59,101.5,58,36,13,0.5,9,321,"31,000",NA,1.41,,,,,,,,,,,,,,,,,,,,,,,,,,,,,,,,,,,,,,,,,,,,,,,
11/29/2016,Sycan R @ Drews Rd,SR0070,334,5810,11,29,2016,1300,25.23,1.06,3.44,107,11.45,7.99,100.9,58,31,12,0.5,60,335,"30,300",2,3.02,,,,,,,,,,,,,,,,,,,,,,,,,,,,,,,,,,,,,,,,,,,,,,,
12/15/2016,Sycan R @ Drews Rd,SR0070,350,5826,12,15,2016,1230,155,2.6,1.36,134,11.28,7.49,93.9,140,63,11,0.5,30,620,"21,700",33.8,24,,,,,,,,,,,,,,,,,,,,,,,,,,,,,,,,,,,,,,,,,,,,,,,
12/28/2016,Sycan R @ Drews Rd,SR0070,363,5839,12,28,2016,1125,20,1.04,2.11,113,11.45,7.95,96.9,51,30,9,0.5,44,269,"31,900",1.5,3.11,,,,,,,,,,,,,,,,,,,,,,,,,,,,,,,,,,,,,,,,,,,,,,,
1/9/2017,Sycan R @ Drews Rd,SR0070,9,5485,1,9,2017,1000,NA,NA,NA,NA,NA,NA,NA,NA,9,NA,NA,NA,NA,NA,3,NA,NA,NA,NA,NA,6,NA,NA,NA,NA,NA,1,NA,NA,NA,NA,NA,8,NA,NA,NA,NA,NA,30,NA,NA,NA,NA,NA,20,NA,NA,NA,NA,NA,1,NA,NA,NA,NA,NA,0.1,NA,NA,NA,NA,site froze,site froze
1/24/2017,Sycan R @ Drews Rd,SR0070,24,5500,1,24,2017,1020,NA,1.04,0.72,136,10.54,7.92,87.6,84,9,90,6,6.9,Pass,37,3,38,1,2.7,Pass,20,6,20,0,0,Pass,0.5,1,0.5,0,0,Pass,70,8,70,0,0,Pass,411,30,430,19,4.5,Pass,"34,200",20,"33,600",600,1.8,Pass,19.3,1,19.5,0.2,1,Pass,8.5,0.1,8.51,0.01,0.1,Pass,NA,NA
2/8/2017,Sycan R @ Drews Rd,SR0070,38,5514,2,8,2017,1129,183.5,3.14,1.48,126,10.08,7.26,85.8,89,9,NA,NA,NA,NA,64,3,NA,NA,NA,NA,12,6,NA,NA,NA,NA,0.5,1,NA,NA,NA,NA,18,8,NA,NA,NA,NA,371,30,NA,NA,NA,NA,"25,900",20,NA,NA,NA,NA,4.5,1,NA,NA,NA,NA,6.42,0.1,NA,NA,NA,NA,NA,NA
2/13/2017,Sycan R @ Drews Rd,SR0070,44,5520,2,13,2017,1000,9.38,6.93,0.15,38,12.4,7.14,98.8,55,9,NA,NA,NA,NA,19,3,NA,NA,NA,NA,3,6,NA,NA,NA,NA,0.5,1,NA,NA,NA,NA,9,8,NA,NA,NA,NA,365,30,NA,NA,NA,NA,"13,500",20,NA,NA,NA,NA,10.2,1,NA,NA,NA,NA,7.33,0.1,NA,NA,NA,NA,high flow event,high flow event
2/21/2017,Sycan R @ Drews Rd,SR0070,52,5528,2,21,2017,1215,1020,7.01,0.96,49,12.32,7.8,101.8,51,9,NA,NA,NA,NA,16,3,NA,NA,NA,NA,19,6,NA,NA,NA,NA,0.5,1,NA,NA,NA,NA,19,8,NA,NA,NA,NA,455,30,NA,NA,NA,NA,"17,500",20,NA,NA,NA,NA,7.1,1,NA,NA,NA,NA,6.76,0.1,NA,NA,NA,NA,NA,NA
3/7/2017,Sycan R @ Drews Rd,SR0070,66,5542,3,7,2017,1230,180,3.71,1.16,74,12.12,7.59,100.9,41,9,NA,NA,NA,NA,8,3,NA,NA,NA,NA,8,6,NA,NA,NA,NA,0.5,1,NA,NA,NA,NA,14,8,NA,NA,NA,NA,477,30,NA,NA,NA,NA,"22,800",20,NA,NA,NA,NA,5.23,1,NA,NA,NA,NA,5.78,0.1,NA,NA,NA,NA,NA,NA
3/13/2017,Sycan R @ Drews Rd,SR0070,72,5548,3,13,2017,1445,1240,7.63,6.1,44,10.84,7.7,101.1,47,9,48,1,2.1,Pass,13,3,12,1,8,Pass,11,6,8,3,31.6,Pass,0.5,1,0.5,0,0,Pass,9,8,9,0,0,Pass,476,30,492,16,3.3,Pass,"19,800",20,"19,700",100,0.5,Pass,13.1,1,13.2,0.1,0.8,Pass,7.32,0.1,7.6,0.28,3.8,Pass,high flow event,high flow event
3/16/2017,Sycan R @ Drews Rd,SR0070,75,5551,3,16,2017,1130,1655,8.62,5.56,42,10.88,6.97,100.7,58,9,67,9,14.4,Pass,20,3,20,0,0,Pass,11,6,13,2,16.7,Pass,0.5,1,0.5,0,0,Pass,13,8,11,2,16.7,Pass,450,30,469,19,4.1,Pass,"21,300",20,"21,400",100,0.5,Pass,18.1,1,19.3,1.2,6.4,Pass,10,0.1,10.7,0.7,6.8,Pass,high flow event,high flow event
3/21/2017,Sycan R @ Drews Rd,SR0070,80,5556,3,21,2017,1100,2204,NA,8.08,46,9.87,7.68,98.1,55,9,NA,NA,NA,NA,20,3,NA,NA,NA,NA,3,6,NA,NA,NA,NA,0.5,1,NA,NA,NA,NA,10,8,NA,NA,NA,NA,425,30,NA,NA,NA,NA,"25,000",20,NA,NA,NA,NA,23.3,1,NA,NA,NA,NA,9.14,0.1,NA,NA,NA,NA,NA,NA
4/5/2017,Sycan R @ Drews Rd,SR0070,95,5571,4,5,2017,945,823.46,5.72,8.11,61,9.92,7.42,98.1,41,9,40,1,2.5,Pass,13,3,13,0,0,Pass,3,6,9,6,100,Pass,0.5,1,0.5,0,0,Pass,12,8,11,1,8.7,Pass,398,30,419,21,5.1,Pass,"30,100",20,"30,900",800,2.6,Pass,4.52,1,4.21,0.31,7.1,Pass,3.91,0.1,3.84,0.07,1.8,Pass,NA,NA
4/19/2017,Sycan R @ Drews Rd,SR0070,109,5585,4,19,2017,1030,626,5.71,8.29,73,10.04,7.74,100.4,40,9,5,35.5,159.6,Fail,12,3,12,0,0,Pass,7,6,3,4,80,Pass,0.5,1,0.5,0,0,Pass,10,8,11,1,9.5,Pass,360,30,15,345,184,Fail,"31,600",20,"31,200",400,1.3,Pass,3.2,1,3.2,0,0,Pass,3.21,0.1,2.77,0.44,14.7,Pass,6.a.,6.a.
5/3/2017,Sycan R @ Drews Rd,SR0070,123,5599,5,3,2017,1020,504.79,4.46,13.24,71,8.85,7.78,98.2,44,9,NA,NA,NA,NA,18,3,NA,NA,NA,NA,7,6,NA,NA,NA,NA,0.5,1,NA,NA,NA,NA,10,8,NA,NA,NA,NA,407,30,NA,NA,NA,NA,"34,700",20,NA,NA,NA,NA,2.3,1,NA,NA,NA,NA,2.67,0.1,NA,NA,NA,NA,NA,NA
5/16/2017,Sycan R @ Drews Rd,SR0070,136,5612,5,16,2017,1215,549,5.49,11.76,60,9.2,7.89,99.7,53,9,NA,NA,NA,NA,20,3,NA,NA,NA,NA,3,6,NA,NA,NA,NA,0.5,1,NA,NA,NA,NA,9,8,NA,NA,NA,NA,390,30,NA,NA,NA,NA,"29,500",20,NA,NA,NA,NA,2.9,1,NA,NA,NA,NA,3.23,0.1,NA,NA,NA,NA,NA,NA
6/1/2017,Sycan R @ Drews Rd,SR0070,152,5628,6,1,2017,1200,213,3.7,17.65,80,7.82,7.8,96.3,81,9,NA,NA,NA,NA,46,3,NA,NA,NA,NA,12,6,NA,NA,NA,NA,0.5,1,NA,NA,NA,NA,8,8,NA,NA,NA,NA,491,30,NA,NA,NA,NA,"32,900",20,NA,NA,NA,NA,3,1,NA,NA,NA,NA,2.11,0.1,NA,NA,NA,NA,NA,NA
6/28/2017,Sycan R @ Drews Rd,SR0070,179,5655,6,28,2017,1100,58,2.32,20.98,83,7.32,8.26,95.9,64,9,NA,NA,NA,NA,32,3,NA,NA,NA,NA,10,6,NA,NA,NA,NA,0.5,1,NA,NA,NA,NA,21,8,NA,NA,NA,NA,345,30,NA,NA,NA,NA,"32,800",20,NA,NA,NA,NA,1,1,NA,NA,NA,NA,1.17,0.1,NA,NA,NA,NA,NA,NA
7/11/2017,Sycan R @ Drews Rd,SR0070,192,5668,7,11,2017,1300,32,1.95,22.98,97,9.54,8.13,129.9,46,9,NA,NA,NA,NA,26,3,NA,NA,NA,NA,8,6,NA,NA,NA,NA,0.5,1,NA,NA,NA,NA,20,8,NA,NA,NA,NA,314,30,NA,NA,NA,NA,"29,800",20,NA,NA,NA,NA,1,1,NA,NA,NA,NA,1.05,0.1,NA,NA,NA,NA,NA,NA
7/25/2017,Sycan R @ Drews Rd,SR0070,206,5682,7,25,2017,1345,21,1.75,24.27,112,8.39,8.33,114.5,45,9,NA,NA,NA,NA,17,3,NA,NA,NA,NA,19,6,NA,NA,NA,NA,0.5,1,NA,NA,NA,NA,27,8,NA,NA,NA,NA,290,30,NA,NA,NA,NA,"30,900",20,NA,NA,NA,NA,2.4,1,NA,NA,NA,NA,1.55,0.1,NA,NA,NA,NA,NA,NA
8/8/2017,Sycan R @ Drews Rd,SR0070,220,5696,8,8,2017,1015,8.33,0.82,18.18,115,9.42,9.25,116.4,43,9,42,1,2.4,Pass,19,3,19,0,0,Pass,13,6,12,1,8,Pass,0.5,1,0.5,0,0,Pass,47,8,45,2,4.3,Pass,265,30,253,12,4.6,Pass,"31,900",20,"32,000",100,0.3,Pass,1,1,1,0,0,Pass,1.62,0.1,2.54,0.92,44.2,Fail,Turbidity failed,Turbidity failed
8/23/2017,Sycan R @ Drews Rd,SR0070,235,5711,8,23,2017,1215,10.1,0.9,21.68,124,8.85,7.95,117.1,42,9,43,1,2.4,Pass,18,3,18,0,0,Pass,12,6,20,8,50,Fail,0.5,1,0.5,0,0,Pass,25,8,27,2,7.7,Pass,281,30,280,1,0.4,Pass,"31,000",20,"31,100",100,0.3,Pass,3.9,1,4,0.1,2.5,Pass,3.25,0.1,3.93,0.68,18.9,Pass,6.a.,6.a.
9/6/2017,Sycan R @ Drews Rd,SR0070,249,5725,9,6,2017,1030,14,1.72,18.89,129,7.32,6.78,91.8,43,9,NA,NA,NA,NA,23,3,NA,NA,NA,NA,12,6,NA,NA,NA,NA,0.5,1,NA,NA,NA,NA,21,8,NA,NA,NA,NA,233,30,NA,NA,NA,NA,"33,100",20,NA,NA,NA,NA,1,1,NA,NA,NA,NA,2.96,0.1,NA,NA,NA,NA,NA,NA
10/3/2017,Sycan R @ Drews Rd,SR0070,276,5752,10,3,2017,1500,15,1.73,10.87,124,10.66,7.74,112.8,46,9,NA,NA,NA,NA,31,3,NA,NA,NA,NA,11,6,NA,NA,NA,NA,0.5,1,NA,NA,NA,NA,24,8,NA,NA,NA,NA,157,30,NA,NA,NA,NA,"32,800",20,NA,NA,NA,NA,19.8,1,NA,NA,NA,NA,1.13,0.1,NA,NA,NA,NA,NA,NA
10/18/2017,Sycan R @ Drews Rd,SR0070,291,5767,10,18,2017,1130,16,1.75,7.62,125,9.7,7.63,94.1,47,9,NA,NA,NA,NA,32,3,NA,NA,NA,NA,9,6,NA,NA,NA,NA,0.5,1,NA,NA,NA,NA,40,8,NA,NA,NA,NA,168,30,NA,NA,NA,NA,34300,20,NA,NA,NA,NA,3.7,1,NA,NA,NA,NA,1.85,0.1,NA,NA,NA,NA,NA,NA
11/1/2017,Sycan R @ Drews Rd,SR0070,305,5781,11,1,2017,1045,17.09,0.89,6.02,130,9.66,6.72,90.9,77,9,68,9,12.4,Pass,36,3,36,0,0,Pass,11,6,12,1,8.7,Pass,0.5,1,0.5,0,0,Pass,72,8,72,0,0,Pass,310,30,311,1,0.3,Pass,"34,900",20,"34,600",300,0.9,Pass,15.4,1,15.4,0,0,Pass,5.01,0.1,2.74,2.27,58.6,Fail,Turbidity failed,Turbidity failed
11/29/2017,Sycan R @ Drews Rd,SR0070,333,5809,11,29,2017,1015,32.73,1.2,2.58,110,10.35,6.36,89.3,47,9,48,1,2.1,Pass,28,3,28,0,0,Pass,12,6,10,2,18.2,Pass,0.5,1,0.5,0,0,Pass,47,8,47,0,0,Pass,353,30,364,11,3.1,Pass,"37,500",20,"35,200",2300,6.3,Pass,4.6,1,4.7,0.1,2.2,Pass,2.88,0.1,3.05,0.17,5.7,Pass,"2.a. TN and Dup changed from 421, 309","2.a. TN and Dup changed from 421, 309"
12/13/2017,Sycan R @ Drews Rd,SR0070,347,5823,12,13,2017,1130,21,1.79,1.4,127,11.23,7.4,92.1,66,9,NA,NA,NA,NA,44,3,NA,NA,NA,NA,10,6,NA,NA,NA,NA,0.5,1,NA,NA,NA,NA,41,8,NA,NA,NA,NA,284,30,NA,NA,NA,NA,"36,100",20,NA,NA,NA,NA,2.8,1,NA,NA,NA,NA,1.54,0.1,NA,NA,NA,NA,NA,NA
12/27/2017,Sycan R @ Drews Rd,SR0070,361,5837,12,27,2017,1130,22,1.75,3.41,137,10.45,7.62,91.5,63,9,61,2,3.2,Pass,44,3,42,2,4.7,Pass,15,6,15,0,0,Pass,0.5,1,0.5,0,0,Pass,36,8,35,1,2.8,Pass,222,30,220,2,0.9,Pass,"34,400",20,"34,200",200,0.6,Pass,1,1,1,0,0,Pass,2.12,0.1,2.73,0.61,25.2,Fail,Turbidity failed,Turbidity failed
1/10/2018,Sycan R @ Drews Rd,SR0070,10,5486,1,10,2018,1115,44,2.12,2.56,132,10.98,7.56,95.1,54,9,NA,NA,NA,NA,32,3,NA,NA,NA,NA,10,6,NA,NA,NA,NA,0.5,1,NA,NA,NA,NA,38,8,NA,NA,NA,NA,349,30,NA,NA,NA,NA,"32,800",20,NA,NA,NA,NA,3.9,1,NA,NA,NA,NA,2.77,0.1,NA,NA,NA,NA,NA,NA
1/24/2018,Sycan R @ Drews Rd,SR0070,24,5500,1,24,2018,1015,48.56,1.4,1.77,98,11.47,7.46,96,39,9,38,1,2.6,Pass,21,3,20,1,4.9,Pass,3,6,7,4,80,Pass,0.5,1,0.5,0,0,Pass,16,8,15,1,6.5,Pass,269,30,289,20,7.2,Pass,"23,900",20,"24,000",100,0.4,Pass,2.2,1,2.2,0,0,Pass,3.08,0.1,3.54,0.46,13.9,Pass,NA,NA
2/7/2018,Sycan R @ Drews Rd,SR0070,38,5514,2,7,2018,1145,40.04,1.3,3.22,86,11.47,7.54,100,41,9,NA,NA,NA,NA,19,3,NA,NA,NA,NA,7,6,NA,NA,NA,NA,0.5,1,NA,NA,NA,NA,27,8,NA,NA,NA,NA,317,30,NA,NA,NA,NA,"25,300",20,NA,NA,NA,NA,2.7,1,NA,NA,NA,NA,5.7,0.1,NA,NA,NA,NA,NA,NA
2/21/2018,Sycan R @ Drews Rd,SR0070,52,5528,2,21,2018,1200,28,1.92,2.75,105,11.39,7.49,98.3,46,9,NA,NA,NA,NA,28,3,NA,NA,NA,NA,15,6,NA,NA,NA,NA,0.5,1,NA,NA,NA,NA,28,8,NA,NA,NA,NA,301,30,NA,NA,NA,NA,"30,600",20,NA,NA,NA,NA,4,1,NA,NA,NA,NA,7.43,0.1,NA,NA,NA,NA,NA,NA
3/7/2018,Sycan R @ Drews Rd,SR0070,66,5542,3,7,2018,1200,20.28,0.98,5.58,141,10.44,8.29,96.8,64,9,NA,NA,NA,NA,32,3,NA,NA,NA,NA,23,6,NA,NA,NA,NA,0.5,1,NA,NA,NA,NA,33,8,NA,NA,NA,NA,407,30,NA,NA,NA,NA,"31,700",20,NA,NA,NA,NA,19.1,1,NA,NA,NA,NA,8.87,0.1,NA,NA,NA,NA,NA,NA
3/13/2018,Sycan R @ Drews Rd,SR0070,72,5548,3,13,2018,950,75.8,2.51,5.03,98,10.56,7.53,96.7,47,9,NA,NA,NA,NA,18,3,NA,NA,NA,NA,8,6,NA,NA,NA,NA,0.5,1,NA,NA,NA,NA,13,8,NA,NA,NA,NA,330,30,NA,NA,NA,NA,"26,900",20,NA,NA,NA,NA,5.1,1,NA,NA,NA,NA,6.86,0.1,NA,NA,NA,NA,NA,NA
3/15/2018,Sycan R @ Drews Rd,SR0070,74,5550,3,15,2018,1000,247,3.91,0.35,46,12.23,7.19,98.7,110,9,92,18,17.8,Pass,21,3,23,2,9.1,Pass,17,6,12,5,34.5,Pass,0.5,1,0.5,0,0,Pass,19,8,21,2,10,Pass,586,30,585,1,0.2,Pass,"14,300",20,"14,300",0,0,Pass,15.3,1,19,3.7,21.6,Fail,30.7,0.1,31.7,1,3.2,Pass,TSS and Dup failed,TSS and Dup failed
3/22/2018,Sycan R @ Drews Rd,SR0070,81,5557,3,22,2018,955,295,4.18,5.82,63,10.14,7.31,94.8,80,9,NA,NA,NA,NA,14,3,NA,NA,NA,NA,12,6,NA,NA,NA,NA,0.5,1,NA,NA,NA,NA,10,8,NA,NA,NA,NA,615,30,NA,NA,NA,NA,"19,800",20,NA,NA,NA,NA,18.6,1,NA,NA,NA,NA,26.9,0.1,NA,NA,NA,NA,NA,NA
4/4/2018,Sycan R @ Drews Rd,SR0070,94,5570,4,4,2018,1105,110.68,2.08,8.71,75,9.57,7.49,96.7,46,9,NA,NA,NA,NA,15,3,NA,NA,NA,NA,3,6,NA,NA,NA,NA,0.5,1,NA,NA,NA,NA,16,8,NA,NA,NA,NA,489,30,NA,NA,NA,NA,"22,800",20,NA,NA,NA,NA,2.9,1,NA,NA,NA,NA,6.26,0.1,NA,NA,NA,NA,NA,NA
4/16/2018,Sycan R @ Drews Rd,SR0070,106,5582,4,16,2018,1115,186.36,2.86,7.09,66,9.92,7.16,96.7,38,9,40,2,5.1,Pass,12,3,9,3,28.6,Pass,7,6,3,4,80,Pass,0.5,1,0.5,0,0,Pass,14,8,12,2,15.4,Pass,419,30,439,20,4.7,Pass,"24,400",20,"24,400",0,0,Pass,5.5,1,5.8,0.3,5.3,Pass,4.94,0.1,5.24,0.3,5.9,Pass,NA,NA
5/2/2018,Sycan R @ Drews Rd,SR0070,122,5598,5,2,2018,935,226.87,3.01,9.28,68,10.2,7.39,104,41,9,NA,NA,NA,NA,10,3,NA,NA,NA,NA,3,6,NA,NA,NA,NA,0.5,1,NA,NA,NA,NA,10,8,NA,NA,NA,NA,469,30,NA,NA,NA,NA,"26,300",20,NA,NA,NA,NA,2.3,1,NA,NA,NA,NA,2.46,0.1,NA,NA,NA,NA,NA,NA
5/16/2018,Sycan R @ Drews Rd,SR0070,136,5612,5,16,2018,1110,124.58,2.3,15.77,73,7.7,7.6,90.9,43,9,42,1,2.4,Pass,18,3,17,1,5.7,Pass,3,6,3,0,0,Pass,0.5,1,0.5,0,0,Pass,11,8,12,1,8.7,Pass,424,30,442,18,4.2,Pass,"29,800",20,"29,700",100,0.3,Pass,1,1,1,0,0,Pass,1.25,0.1,1.35,0.1,7.7,Pass,NA,NA
5/30/2018,Sycan R @ Drews Rd,SR0070,150,5626,5,30,2018,955,134.98,2.5,17.5,70,7.18,7.34,75,51,9,NA,NA,NA,NA,22,3,NA,NA,NA,NA,8,6,NA,NA,NA,NA,0.5,1,NA,NA,NA,NA,13,8,NA,NA,NA,NA,485,30,NA,NA,NA,NA,"27,700",20,NA,NA,NA,NA,1,1,NA,NA,NA,NA,2.11,0.1,NA,NA,NA,NA,NA,NA
6/14/2018,Sycan R @ Drews Rd,SR0070,165,5641,6,14,2018,1145,44.95,1.48,19.71,87,8.4,8.36,107.4,49,9,50,1,2,Pass,20,3,21,1,4.9,Pass,6,6,3,3,66.7,Pass,0.5,1,0.5,0,0,Pass,10,8,10,0,0,Pass,421,30,424,3,0.7,Pass,"30,300",20,"30,400",100,0.3,Pass,1,1,1,0,0,Pass,1.44,0.1,1.36,0.08,5.7,Pass,NA,NA
6/27/2018,Sycan R @ Drews Rd,SR0070,178,5654,6,27,2018,1225,27.01,1.13,21.71,100,9.67,8.55,128.8,42,9,NA,NA,NA,NA,19,3,NA,NA,NA,NA,3,6,NA,NA,NA,NA,0.5,1,NA,NA,NA,NA,14,8,NA,NA,NA,NA,396,30,NA,NA,NA,NA,"28,900",20,NA,NA,NA,NA,1,1,NA,NA,NA,NA,1.07,0.1,NA,NA,NA,NA,NA,NA
7/11/2018,Sycan R @ Drews Rd,SR0070,192,5668,7,11,2018,940,31.95,0.94,18.82,120,7.94,8.6,99.5,46,9,42,4,9.1,Pass,19,3,19,0,0,Pass,15,6,13,2,14.3,Pass,0.5,1,0.5,0,0,Pass,61,8,64,3,4.8,Pass,379,30,368,11,2.9,Pass,"27,400",20,"27,200",200,0.7,Pass,1,1,1,0,0,Pass,1.39,0.1,1.43,0.04,2.8,Pass,NA,NA
7/25/2018,Sycan R @ Drews Rd,SR0070,206,5682,7,25,2018,1130,10.3,1.61,21.88,125,11.14,8.2,147.8,45,9,NA,NA,NA,NA,24,3,NA,NA,NA,NA,18,6,NA,NA,NA,NA,0.5,1,NA,NA,NA,NA,63,8,NA,NA,NA,NA,311,30,NA,NA,NA,NA,"27,900",20,NA,NA,NA,NA,1,1,NA,NA,NA,NA,1.6,0.1,NA,NA,NA,NA,NA,NA
8/8/2018,Sycan R @ Drews Rd,SR0070,221,5697,8,8,2018,1000,10.8,1.63,17.98,122,9.41,8.56,115.8,37,9,36,1,2.7,Pass,17,3,18,1,5.7,Pass,8,6,7,1,13.3,Pass,0.5,1,0.5,0,0,Pass,70,8,68,2,2.9,Pass,289,30,259,30,10.9,Pass,"26,500",20,"26,300",200,0.8,Pass,1,1,1,0,0,Pass,1.2,0.1,0.9,0.3,28.5,Fail,Turbidity and Dup failed,Turbidity and Dup failed
8/22/2018,Sycan R @ Drews Rd,SR0070,234,5710,8,22,2018,1030,10.1,1.6,15.14,119,9.54,8.74,94.8,33,9,NA,NA,NA,NA,19,3,NA,NA,NA,NA,10,6,NA,NA,NA,NA,0.5,1,NA,NA,NA,NA,65,8,NA,NA,NA,NA,228,30,NA,NA,NA,NA,"29,500",20,NA,NA,NA,NA,1,1,NA,NA,NA,NA,0.89,0.1,NA,NA,NA,NA,NA,NA
9/4/2018,Sycan R @ Drews Rd,SR0070,247,5723,9,4,2018,1330,9.36,0.92,19.1,116,11.72,8.83,126.6,32,9,NA,NA,NA,NA,19,3,NA,NA,NA,NA,19,6,NA,NA,NA,NA,0.5,1,NA,NA,NA,NA,46,8,NA,NA,NA,NA,219,30,NA,NA,NA,NA,"22,900",20,NA,NA,NA,NA,1,1,NA,NA,NA,NA,1.2,0.1,NA,NA,NA,NA,NA,NA
9/19/2018,Sycan R @ Drews Rd,SR0070,262,5738,9,19,2018,1100,10,0.92,12.61,124,9.44,8.24,88.8,34,9,NA,NA,NA,NA,19,3,NA,NA,NA,NA,12,6,NA,NA,NA,NA,0.5,1,NA,NA,NA,NA,82,8,NA,NA,NA,NA,230,30,NA,NA,NA,NA,"26,000",20,NA,NA,NA,NA,1,1,NA,NA,NA,NA,1.38,0.1,NA,NA,NA,NA,NA,NA
10/3/2018,Sycan R @ Drews Rd,SR0070,276,5752,10,3,2018,1142,10.81,0.9,13,126,8.56,7.74,95.5,53,9,NA,NA,NA,NA,26,3,NA,NA,NA,NA,17,6,NA,NA,NA,NA,0.5,1,NA,NA,NA,NA,41,8,NA,NA,NA,NA,228,30,NA,NA,NA,NA,"28,700",20,NA,NA,NA,NA,1,1,NA,NA,NA,NA,2.17,0.1,NA,NA,NA,NA,NA,NA
11/1/2018,Sycan R @ Drews Rd,SR0070,305,5781,11,1,2018,1133,12.26,0.88,8.27,129,9.99,7.58,98.6,51,9,NA,NA,NA,NA,35,3,NA,NA,NA,NA,12,6,NA,NA,NA,NA,0.5,1,NA,NA,NA,NA,40,8,NA,NA,NA,NA,214,30,NA,NA,NA,NA,31400,20,NA,NA,NA,NA,1,1,NA,NA,NA,NA,1.44,0.1,NA,NA,NA,NA,NA,NA
11/28/2018,Sycan R @ Drews Rd,SR0070,332,5808,11,28,2018,1100,14.4,1.72,4.62,149,9.7,7.34,87.6,96,9,113,17,16.3,Pass,62,3,61,1,1.6,Pass,22,6,12,10,58.8,Fail,0.5,1,0.5,0,0,Pass,72,8,74,2,2.7,Pass,549,30,563,14,2.5,Pass,"33,500",20,"33,400",100,0.3,Pass,5.1,1,5.3,0.2,3.8,Pass,2.29,0.1,2.12,0.17,7.7,Pass,6.a. NH4 and Dup failed,6.a. NH4 and Dup failed
12/12/2018,Sycan R @ Drews Rd,SR0070,346,5822,12,12,2018,1215,13.9,1.71,4.07,145,10.94,7.28,97.6,72,9,NA,NA,NA,NA,47,3,NA,NA,NA,NA,23,6,NA,NA,NA,NA,0.5,1,NA,NA,NA,NA,36,8,NA,NA,NA,NA,339,30,NA,NA,NA,NA,"33,500",20,NA,NA,NA,NA,5,1,NA,NA,NA,NA,2.46,0.1,NA,NA,NA,NA,NA,NA
10/16/2019,Sycan R @ Drews Rd,SR0070,289,5765,10,16,2019,1015,12.9,0.9,7.87,119,9.98,6.85,98.4,39,9,NA,NA,NA,NA,29,3,NA,NA,NA,NA,12,6,NA,NA,NA,NA,0.5,1,NA,NA,NA,NA,19,8,NA,NA,NA,NA,155,30,NA,NA,NA,NA,"31,600",20,NA,NA,NA,NA,1,1,NA,NA,NA,NA,2.1,0.1,NA,NA,NA,NA,NA,NA
11/13/2019,Sycan R @ Drews Rd,SR0070,317,5793,11,13,2019,1220,13.8,0.92,6.73,126,10.24,6.92,97.6,57,9,NA,NA,NA,NA,37,3,NA,NA,NA,NA,14,6,NA,NA,NA,NA,0.5,1,NA,NA,NA,NA,24,8,NA,NA,NA,NA,399,30,NA,NA,NA,NA,"32,100",20,NA,NA,NA,NA,5.1,1,NA,NA,NA,NA,2.76,0.1,NA,NA,NA,NA,NA,NA
1/22/2020,Sycan R @ Drews Rd,SR0070,22,5498,1,22,2020,1030,18.11,1,2.94,138,10.2,6.89,87.6,59,9,NA,NA,NA,NA,42,3,NA,NA,NA,NA,20,6,NA,NA,NA,NA,0.5,1,NA,NA,NA,NA,38,8,NA,NA,NA,NA,269,30,NA,NA,NA,NA,"34,500",20,NA,NA,NA,NA,4,1,NA,NA,NA,NA,2.62,0.1,NA,NA,NA,NA,NA,NA
1/30/2020,Sycan R @ Drews Rd,SR0070,30,5506,1,30,2020,1220,125,2.3,1.76,55,11.83,5.5,99.4,39,9,NA,NA,NA,NA,17,3,NA,NA,NA,NA,14,6,NA,NA,NA,NA,0.5,1,NA,NA,NA,NA,13,8,NA,NA,NA,NA,294,30,NA,NA,NA,NA,"19,000",20,NA,NA,NA,NA,5.9,1,NA,NA,NA,NA,27.8,0.1,NA,NA,NA,NA,NA,NA
2/6/2020,Sycan R @ Drews Rd,SR0070,37,5513,2,6,2020,1015,106,2.1,0.49,63,12.18,6.06,98.6,52,9,51,1,1.9,Pass,12,3,13,1,8,Pass,10,6,12,2,18.2,Pass,1,1,1,0,0,Pass,19,8,17,2,11.1,Pass,521,30,502,19,3.7,Pass,"22,200",20,"21,200",1000,4.6,Pass,4.6,1,4.1,0.5,11.5,Pass,13.1,0.1,11.3,1.8,14.8,Pass,NA,NA
3/4/2020,Sycan R @ Drews Rd,SR0070,64,5540,3,4,2020,1200,pending,1.3,6.83,95,10.6,7.28,101.1,44,9,NA,NA,NA,NA,20,3,NA,NA,NA,NA,15,6,NA,NA,NA,NA,0.5,1,NA,NA,NA,NA,16,8,NA,NA,NA,NA,337,30,NA,NA,NA,NA,"23,900",20,NA,NA,NA,NA,6.1,1,NA,NA,NA,NA,9.42,0.1,NA,NA,NA,NA,NA,NA
4/2/2020,Sycan R @ Drews Rd,SR0070,93,5569,4,2,2020,1108,48.1,1.32,5.69,97,10.47,7.84,83.5,42,9,45,3,6.9,Pass,21,3,20,1,4.9,Pass,14,6,17,3,19.4,Pass,0.5,1,0.5,0,0,Pass,16,8,20,4,22.2,Pass,340,30,342,2,0.6,Pass,"27,200",20,"26,800",400,1.5,Pass,3.5,1,3.8,0.3,8.2,Pass,4.76,0.1,5.36,0.6,11.9,Pass,NA,NA
4/15/2020,Sycan R @ Drews Rd,SR0070,106,5582,4,15,2020,1055,39.3,1.2,10.67,100,9.13,6.91,82.1,51,9,NA,NA,NA,NA,23,3,NA,NA,NA,NA,16,6,NA,NA,NA,NA,0.5,1,NA,NA,NA,NA,14,8,NA,NA,NA,NA,383,30,NA,NA,NA,NA,"27,600",20,NA,NA,NA,NA,3.8,1,NA,NA,NA,NA,4.46,0.1,NA,NA,NA,NA,NA,NA
5/1/2020,Sycan R @ Drews Rd,SR0070,122,5598,5,1,2020,945,115,2.9,12.89,71,7.84,7.21,74.2,39,9,NA,NA,NA,NA,11,3,NA,NA,NA,NA,11,6,NA,NA,NA,NA,0.5,1,NA,NA,NA,NA,9,8,NA,NA,NA,NA,536,30,NA,NA,NA,NA,"24,000",20,NA,NA,NA,NA,4.4,1,NA,NA,NA,NA,3.27,0.1,NA,NA,NA,NA,NA,NA
5/15/2020,Sycan R @ Drews Rd,SR0070,136,5612,5,15,2020,1115,95.3,2.08,11.88,72,9.17,7.48,84.8,32,9,NA,NA,NA,NA,12,3,NA,NA,NA,NA,13,6,NA,NA,NA,NA,0.5,1,NA,NA,NA,NA,8,8,NA,NA,NA,NA,438,30,NA,NA,NA,NA,"24,200",20,NA,NA,NA,NA,1,1,NA,NA,NA,NA,1.68,0.1,NA,NA,NA,NA,NA,NA
5/28/2020,Sycan R @ Drews Rd,SR0070,149,5625,5,28,2020,1245,59.2,1.7,22.22,76,8.12,7.86,93.2,35,9,31,4,12.1,Pass,16,3,15,1,6.5,Pass,19,6,18,200,Pass,,0.5,1,0.5,0,0,Pass,8,8,9,1,11.8,Pass,413,30,426,13,3.1,Pass,"26,200",20,"26,100",100,0.4,Pass,1,1,1,0,0,Pass,1.6,0.1,3.12,1.52,64.4,Fail,Turbidity and Dup failed,Turbidity and Dup failed
6/11/2020,Sycan R @ Drews Rd,SR0070,163,5639,6,11,2020,937,31.12,1.24,17.31,90,8.38,7.81,87.2,90,9,NA,NA,NA,NA,15,3,NA,NA,NA,NA,18,6,NA,NA,NA,NA,0.5,1,NA,NA,NA,NA,29,8,NA,NA,NA,NA,400,30,NA,NA,NA,NA,"28,300",20,NA,NA,NA,NA,1,1,NA,NA,NA,NA,1.38,0.1,NA,NA,NA,NA,NA,NA
6/23/2020,Sycan R @ Drews Rd,SR0070,175,5651,6,23,2020,950,16.28,1.08,20.43,103,7.92,8.01,87.8,33,9,37,4,11.4,Pass,16,3,15,1,6.5,Pass,11,6,10,1,9.5,Pass,0.5,1,0.5,0,0,Pass,39,8,38,1,2.6,Pass,366,30,375,9,2.4,Pass,"27,400",20,"26,800",600,2.2,Pass,2.1,1,1,1.1,71,Fail,1.29,0.1,1.37,0.08,6,Pass,TSS and Dup failed,TSS and Dup failed
7/7/2020,Sycan R @ Drews Rd,SR0070,189,5665,7,7,2020,1023,9.56,0.96,17.08,116,9.77,9.04,101.3,31,9,35,4,12.1,Pass,16,3,17,1,6.1,Pass,10,6,11,1,9.5,Pass,0.5,1,0.5,0,0,Pass,56,8,55,1,1.8,Pass,349,30,313,36,10.9,Pass,"24,100",20,"24,100",0,0,Pass,1,1,1,0,0,Pass,1.24,0.1,1.25,0.01,0.8,Pass,NA,NA
7/22/2020,Sycan R @ Drews Rd,SR0070,204,5680,7,22,2020,1010,8.58,0.92,20.48,122,8.43,8.58,93.6,59,9,NA,NA,NA,NA,24,3,NA,NA,NA,NA,9,6,NA,NA,NA,NA,0.5,1,NA,NA,NA,NA,63,8,NA,NA,NA,NA,335,30,NA,NA,NA,NA,"24,500",20,NA,NA,NA,NA,1,1,NA,NA,NA,NA,1.38,0.1,NA,NA,NA,NA,NA,NA
8/6/2020,Sycan R @ Drews Rd,SR0070,219,5695,8,6,2020,1317,7.74,0.9,17.58,121,8.77,8.56,91.8,47,9,48,1,2.1,Pass,29,3,29,0,0,Pass,17,6,12,5,34.5,Pass,0.5,1,0.5,0,0,Pass,65,8,64,1,1.6,Pass,281,30,296,15,5.2,Pass,"26,900",20,"26,900",0,0,Pass,1,1,1,0,0,Pass,1.47,0.1,1.24,0.23,17,Pass,NA,NA
8/18/2020,Sycan R @ Drews Rd,SR0070,231,5707,8,18,2020,1215,7.54,1.54,19.72,121,9.97,8.32,109.1,44,9,NA,NA,NA,NA,26,3,NA,NA,NA,NA,13,6,NA,NA,NA,NA,0.5,1,NA,NA,NA,NA,31,8,NA,NA,NA,NA,264,30,NA,NA,NA,NA,"25,900",20,NA,NA,NA,NA,1,1,NA,NA,NA,NA,1.72,0.1,NA,NA,NA,NA,NA,NA
